well,cycle,depth,pay,q0,re,steam_V,steam_Pinj,steam_rate,steam_x,soak,SPM,stroke,cut,prev_cycles,oil_bbl,SOR,kWh_bbl,float_days,max_rfi,rod_failure
BGW-01,1,1104.7912097111926,19.02205503603284,7.292989599556912,167.16385831661722,8078.778266558394,11.340884899637416,507.54604803226584,0.7721456355831241,8,4.660485192963987,3.0,160,0,3075.23453451281,2.480168572578071,3.383708589988226,0,0.5266019393739746,0
BGW-01,2,1104.7912097111926,19.02205503603284,7.292989599556912,167.16385831661722,5709.857204917647,10.868829287617267,363.29877330004564,0.7016021364918839,6,6.702944656254282,4.0,234,1,3909.302837915314,1.5745011000071374,8.256992849697596,92,1.9989858107961331,1
BGW-01,3,1104.7912097111926,19.02205503603284,7.292989599556912,167.16385831661722,8719.28733493154,6.879687218741445,264.35955440294356,0.6943422028481043,8,7.961257980721085,3.0,292,2,4309.107976168616,1.9364753048825174,7.838652528018929,136,2.1400137950789677,1
BGW-01,4,1104.7912097111926,19.02205503603284,7.292989599556912,167.16385831661722,14864.121925321078,3.146074107082243,431.0031726097536,0.7775167478639129,9,4.87879101653092,3.0,147,3,3301.6763721259535,4.499239069380374,3.3840798530033633,0,0.5830365829364367,0
BGW-01,5,1104.7912097111926,19.02205503603284,7.292989599556912,167.16385831661722,7675.032456259487,5.448406702599025,434.0149939612851,0.5990112391896173,15,5.177751445756903,3.0,247,4,2999.570504249464,2.3004356931408316,5.618864710746287,48,1.265555730452715,0
BGW-01,6,1104.7912097111926,19.02205503603284,7.292989599556912,167.16385831661722,4598.201715834995,5.695612412471813,342.8321842679151,0.717408516532151,3,2.343817727243157,4.0,131,5,1422.3329964147395,2.960241910357816,4.017443629018216,0,0.390614101155254,0
BGW-01,7,1104.7912097111926,19.02205503603284,7.292989599556912,167.16385831661722,10501.85378649219,8.596165744200174,524.701583416583,0.7944020441776349,14,3.770240842979229,3.5,238,6,3397.2439779698943,3.315354588813526,4.712155374460533,0,0.841912782419877,0
BGW-02,1,1143.389427726986,25.88827671092035,4.5944925942024355,121.00955635516948,7474.146335973288,4.633090097712966,325.0125786288833,0.6793875814533262,15,7.05589544402321,3.5,256,0,2741.0481198433436,2.6269562795903156,11.81995816042528,159,2.7745454731890082,1
BGW-02,2,1143.389427726986,25.88827671092035,4.5944925942024355,121.00955635516948,5555.327708855426,7.6654258254927194,288.65019638757695,0.7207942293422165,11,7.666885137936483,2.5,261,1,2480.9406598556125,2.235197885227538,10.118989146845411,130,2.2527478207373237,1
BGW-02,3,1143.389427726986,25.88827671092035,4.5944925942024355,121.00955635516948,7943.01209975818,5.5472923925637145,419.0068278316056,0.5761981973440068,5,4.707683009395683,3.5,127,2,1332.1978274495693,5.65989342743681,6.688417665385645,0,0.7803273672945241,1
BGW-02,4,1143.389427726986,25.88827671092035,4.5944925942024355,121.00955635516948,14896.57721892147,9.505454358378959,385.7004493605584,0.7123288959262467,13,3.330094941335245,2.5,133,3,1886.126908714973,8.784364618246672,3.597856217170722,0,0.29093462023751476,0
BGW-02,5,1143.389427726986,25.88827671092035,4.5944925942024355,121.00955635516948,9083.158577185512,4.501840075575825,325.73132256905285,0.6121570668704208,8,6.683080037457636,3.5,258,4,2305.429825478623,4.07360846266203,13.742092388767933,147,2.5173709783919453,1
BGW-02,6,1143.389427726986,25.88827671092035,4.5944925942024355,121.00955635516948,8927.421817795279,4.8243302482783115,258.7906715764078,0.8148438283943041,14,5.558649853387012,3.0,283,5,2334.9057897795265,3.917479400381846,10.257052207343593,129,1.9225255610962384,1
BGW-02,7,1143.389427726986,25.88827671092035,4.5944925942024355,121.00955635516948,7347.188113240026,10.916968243616072,526.1656686708486,0.5964391031588587,6,4.944707264671658,2.5,249,6,1717.6139681466952,4.247233039187038,8.319053808617134,39,1.2409142441014676,0
BGW-03,1,1055.0152984650551,14.363851079763483,7.595929719458,121.23229884172974,9736.986417061591,9.070852361236373,520.0075443483811,0.5878469108784444,11,2.3440244205302934,3.0,232,0,4465.393938817143,2.1020168238865318,2.428190606587931,90,1.564859238991362,0
BGW-03,2,1055.0152984650551,14.363851079763483,7.595929719458,121.23229884172974,7714.189147667611,5.8226240507399645,564.2221985908828,0.5627892958848477,13,2.2250927334766475,3.0,232,1,3806.9560843479535,1.9421984152075988,2.650674562199381,100,1.5596712548680212,0
BGW-03,3,1055.0152984650551,14.363851079763483,7.595929719458,121.23229884172974,14112.337754773336,11.063803356516434,393.98637086307696,0.6196208877833147,15,6.732762936024662,3.5,250,2,4602.105206121617,2.9986893526960094,7.303335749204947,189,5.190591081523164,1
BGW-03,4,1055.0152984650551,14.363851079763483,7.595929719458,121.23229884172974,11022.45832110678,6.538161718661025,286.7341737074035,0.5510104556542422,11,5.13641347263144,2.5,158,3,2992.956500415825,3.4884519559027205,3.507540378389971,75,2.0766026629296483,0
BGW-04,1,1104.1578478248787,27.037147596886275,4.69608461632836,159.3252773512666,14999.41983199987,3.362091324838325,330.92201747102325,0.5891711766183301,9,4.72549196373179,2.5,298,0,3536.231519563073,4.301772361071755,5.665798920317917,133,1.6869218086196962,1
BGW-04,2,1104.1578478248787,27.037147596886275,4.69608461632836,159.3252773512666,12244.578519100094,8.473133771687676,407.77709549252944,0.7370360750215543,14,7.468284132147216,4.0,126,1,1870.1468240846837,7.076941554860544,9.840592388571256,41,1.621260268715431,0
BGW-04,3,1104.1578478248787,27.037147596886275,4.69608461632836,159.3252773512666,7345.990763083342,8.210463206950925,620.7881588976792,0.718769253904902,3,7.255907151215542,3.5,179,2,1763.652928807086,4.410235278825683,13.283716496158247,88,2.4026519926178596,1
BGW-04,4,1104.1578478248787,27.037147596886275,4.69608461632836,159.3252773512666,12538.388421449006,4.307666578032843,635.6165718773984,0.5840736632588729,15,4.728079271055701,3.5,148,3,1802.709434288563,7.367874946135629,6.956468848495755,31,1.276285268019627,1
BGW-05,1,1119.2113117718582,12.139535267569793,7.345651809984169,169.34089122324315,10407.214197989102,11.01781737513517,287.44856253567735,0.6414221850264094,9,5.9560885693810315,4.0,296,0,5296.080562189614,1.8261440893187204,6.896324066251963,181,3.417077643392306,0
BGW-05,2,1119.2113117718582,12.139535267569793,7.345651809984169,169.34089122324315,14183.722875273566,11.934024253044516,416.69506023427243,0.6955920124446009,3,6.16385220343159,2.5,293,1,6144.846724379033,2.5527748964596815,4.294256857047902,115,1.9531222111998647,0
BGW-05,3,1119.2113117718582,12.139535267569793,7.345651809984169,169.34089122324315,12398.615369096606,7.290595988330439,311.5334741025,0.7551630578825559,13,5.980279927495211,3.0,290,2,5215.828607641079,2.298988746611477,5.219117339373142,153,2.432702998095381,1
BGW-06,1,1007.3047576065985,20.246948133578588,6.409539514174716,172.13933951873054,9735.763971276658,10.741175932706994,637.2502492361115,0.6258908969058607,7,5.903349093963947,2.5,274,0,4070.7335032641126,2.1933935301105674,4.410359294544063,139,2.63427503860229,0
BGW-06,2,1007.3047576065985,20.246948133578588,6.409539514174716,172.13933951873054,4505.087532972971,5.696471383763996,305.9546880971107,0.735021697398599,11,7.636037437087225,3.5,167,1,2393.2089340103803,1.8576828172627824,8.461423052106671,117,3.6297978433900346,1
BGW-06,3,1007.3047576065985,20.246948133578588,6.409539514174716,172.13933951873054,6630.723705928818,11.415611510094237,477.1685072246968,0.7442933204337021,7,2.6852783261154247,3.5,234,2,2971.3124143961536,2.12325692516755,3.5845929591099615,64,1.5333225595305933,1
BGW-06,4,1007.3047576065985,20.246948133578588,6.409539514174716,172.13933951873054,13376.9999040679,6.236178123332952,313.04976829284095,0.6481050493543996,4,2.7898998660717362,4.0,248,3,3559.4313399099037,3.69323180574767,3.7781794927388317,85,1.6989078828816286,0
BGW-06,5,1007.3047576065985,20.246948133578588,6.409539514174716,172.13933951873054,10411.087142052129,11.807647187126797,324.5688021488281,0.6512110908013509,11,7.2055936768766955,3.5,236,4,3057.4594421516067,3.422196819120759,8.72250997752482,144,3.7373523703693454,0
BGW-06,6,1007.3047576065985,20.246948133578588,6.409539514174716,172.13933951873054,5762.285372602704,7.400449483737772,586.3050409938247,0.6387950893264901,9,2.065671906608798,2.5,272,5,3339.282212849781,2.1360536795684673,3.229114427271461,20,1.074756767925019,1
BGW-07,1,1042.8553402005778,24.127043416911334,7.583124662185249,147.50450037655256,12879.746973432048,8.489256845374276,503.2983942877866,0.5797710878871288,5,6.735119809385317,2.5,293,0,5455.210312494734,2.3884496703220592,4.636993680781719,160,2.6720477437934727,0
BGW-07,2,1042.8553402005778,24.127043416911334,7.583124662185249,147.50450037655256,12689.910002237908,4.75020372984855,611.4160556746256,0.7352875027539882,10,2.9164359204208896,4.0,253,1,4503.133181890911,2.5540957580080725,3.215334463531748,92,1.6376102204327516,0
BGW-07,3,1042.8553402005778,24.127043416911334,7.583124662185249,147.50450037655256,10635.46112474964,7.64811692112489,557.992952474736,0.5586822089388205,14,5.764812353262007,3.0,208,2,3358.2701328731755,2.949917133077155,4.757326284136769,94,2.0809011502724752,1
BGW-07,4,1042.8553402005778,24.127043416911334,7.583124662185249,147.50450037655256,12504.415217669499,3.279323032550314,579.6254875228274,0.7453171633030531,15,7.379693911132774,3.0,234,3,4121.919167558268,3.077782655492806,6.452193937329327,164,3.027284754791216,0
BGW-07,5,1042.8553402005778,24.127043416911334,7.583124662185249,147.50450037655256,14875.175025054874,11.710156663956345,546.7627315068569,0.6503489481662019,8,7.957220410004326,2.5,225,4,3728.938941991535,4.057624497459511,5.4924161570386545,94,2.161592223809152,1
BGW-07,6,1042.8553402005778,24.127043416911334,7.583124662185249,147.50450037655256,11788.815140646719,9.511338048719288,455.70745210434245,0.818857094145566,6,3.7008756387686255,3.5,130,5,2048.6685405725575,5.437265484964624,3.6312655344829508,0,0.7070489624880171,1
BGW-08,1,1012.6808602011146,14.469895296077352,3.157897349573769,126.73213857516926,8487.760115497009,9.99891810745049,639.4327240456323,0.7412408107014568,15,6.338038600007502,3.5,230,0,2044.661763793327,4.18857569707825,12.33103213575051,168,4.836044232845371,0
BGW-08,2,1012.6808602011146,14.469895296077352,3.157897349573769,126.73213857516926,13097.219298356105,6.142083310611337,502.43096800723225,0.7185301895783774,9,2.7117271693717475,3.0,176,1,2147.227918801801,6.415816977583702,3.6348712912663363,28,1.2224545816144743,1
BGW-08,3,1012.6808602011146,14.469895296077352,3.157897349573769,126.73213857516926,5880.801062116845,4.4284891013453045,426.77304398757565,0.5822047350359956,11,5.8490711185485225,4.0,298,2,1633.1742823974823,3.3660119072481556,23.449025236411103,263,6.529932577939048,1
BGW-09,1,1033.088557791674,16.014674552704495,5.209396014449649,147.6004530543407,11221.346387575533,8.314039785854373,435.8875677142361,0.5713107072157343,8,5.799349953842379,3.5,216,0,3686.24088885638,3.2053933256070914,5.836442218773665,122,2.9364014192645564,1
BGW-09,2,1033.088557791674,16.014674552704495,5.209396014449649,147.6004530543407,5740.473820801759,7.261963140457816,511.2153531678367,0.7953486623712268,11,7.861977520326348,3.0,236,1,2811.288852043316,1.9728965011071917,9.516399297580737,171,4.428930603236064,1
BGW-09,3,1033.088557791674,16.014674552704495,5.209396014449649,147.6004530543407,5692.551182917339,3.039951355323898,555.073179263562,0.5542815574865412,11,7.282499606567042,2.5,215,2,2383.1982344826342,2.326050516042175,7.983684507714711,162,3.4863972664504512,0
BGW-09,4,1033.088557791674,16.014674552704495,5.209396014449649,147.6004530543407,7646.580155143574,11.113617159048164,402.0621081972706,0.6238360309687498,7,6.2208260429447035,3.5,133,3,1655.995537495791,4.419607757509491,6.805791856601633,45,1.7574216846414836,1
BGW-10,1,992.5857481854069,14.87429378810243,7.889579446778427,140.38700972915865,14010.677735192296,9.496955999944225,533.9554316710685,0.6831517508671923,5,7.994174264267587,2.5,237,0,5852.677082643851,2.147961139366597,3.6233923878382766,86,1.8607897393753292,1
BGW-10,2,992.5857481854069,14.87429378810243,7.889579446778427,140.38700972915865,14129.09050454652,5.784935934678717,285.1396781642713,0.6407783861247032,3,6.025925253815542,3.0,209,1,4857.578009086583,2.6008099030477063,3.478803757585606,62,1.553791490997282,1
BGW-10,3,992.5857481854069,14.87429378810243,7.889579446778427,140.38700972915865,8715.68376986813,8.463292693379849,489.1954564589313,0.7444844705305876,10,5.0437622633337895,3.0,234,2,4940.697339861346,1.8090946407353021,3.7010605947036677,76,1.6338282341480308,1
BGW-10,4,992.5857481854069,14.87429378810243,7.889579446778427,140.38700972915865,5617.851598026744,9.172584111344694,335.8774834637488,0.6720378084695692,11,2.2001007706430546,2.5,263,3,3902.8143591234843,1.3994469828463696,2.4557808394085265,0,0.7616662652654832,0
BGW-10,5,992.5857481854069,14.87429378810243,7.889579446778427,140.38700972915865,13282.60152746987,10.532302653303141,415.9612227616496,0.7792373546347868,12,4.505305566095868,3.0,258,4,5871.677797645114,2.5993535939281758,3.4479893970566047,62,1.4232565611329746,0
BGW-11,1,1018.266367232632,27.302887482589846,4.6703048627791635,127.21179472433552,7281.380239700142,8.917104097357916,394.0454908204468,0.6232111364804725,14,7.715328709258889,3.5,165,0,2033.0041419705608,3.667074048091203,8.95293004616677,38,1.407943534407255,0
BGW-11,2,1018.266367232632,27.302887482589846,4.6703048627791635,127.21179472433552,6523.715655739212,4.91056504355233,254.55743644266963,0.5539599261918712,4,4.379759365746519,4.0,208,1,2163.011055566621,3.2122752527653553,7.644960838632181,51,1.384594687662976,1
BGW-11,3,1018.266367232632,27.302887482589846,4.6703048627791635,127.21179472433552,11849.066834314755,8.74586981398122,466.3739224263823,0.5909373520660186,3,3.7915455345479323,3.5,149,2,1490.3149022050773,7.164284281456792,4.945022734906277,0,0.4762190109082211,0
BGW-11,4,1018.266367232632,27.302887482589846,4.6703048627791635,127.21179472433552,6634.415010283409,4.87793536425843,549.8007067691096,0.637116491681894,12,2.409831559568703,3.5,196,3,1720.050144276625,3.5955941577910777,4.322187508519937,0,0.6150339480295823,0
BGW-12,1,1039.102494054717,23.40896187065937,7.441651144161114,153.24215331753555,5389.54913997769,3.9465448384581983,617.990769803409,0.6970493364643398,9,3.4934757720657856,4.0,278,0,3987.9118365614777,1.3576642117293263,5.394966302891443,151,1.8206853741146425,0
BGW-12,2,1039.102494054717,23.40896187065937,7.441651144161114,153.24215331753555,13208.110056426496,3.359315562159477,295.71204711072295,0.7316711414715191,7,5.247472370355791,2.5,124,1,2921.7324375475364,4.52902510713099,3.0014664060044773,0,0.7256890441389753,1
BGW-12,3,1039.102494054717,23.40896187065937,7.441651144161114,153.24215331753555,13957.788213988373,7.696312603316955,522.3857465625555,0.5633444967491403,10,4.366131168672174,2.5,258,2,4295.907339572555,3.3598604848641576,3.6342371960975957,42,1.174630069683184,1
BGW-13,1,965.3834283278172,12.444267423213084,7.497886556802798,166.15567678349453,13282.72554189563,3.086542357752093,442.07528557636783,0.7130928448789356,11,3.2073892863284765,4.0,148,0,4894.800533104712,2.5924871653595325,2.189863550140883,0,0.9741907279062465,1
BGW-13,2,965.3834283278172,12.444267423213084,7.497886556802798,166.15567678349453,13955.16252364692,8.473403810637087,627.6354376090942,0.5778534716138711,4,6.075300521242344,3.0,197,1,5358.938935059393,2.7396812129515373,3.361159913014525,58,1.5947660453468453,1
BGW-13,3,965.3834283278172,12.444267423213084,7.497886556802798,166.15567678349453,11846.546615222982,5.099788891777678,303.1774040192739,0.6670523969652229,8,4.5458414626395625,4.0,147,2,3685.1545773215175,2.9550509671827014,3.2088195995608797,29,1.2886157219414238,1
BGW-13,4,965.3834283278172,12.444267423213084,7.497886556802798,166.15567678349453,13563.132338146177,4.86763783307525,556.9661124733658,0.7230092318423998,10,6.637166263138655,4.0,208,3,5098.572980830349,2.7013621425763437,5.343286066108368,122,2.657307993047391,0
BGW-14,1,1114.104609118942,13.035835975553839,7.202217105639055,123.3123315214126,14652.81408415251,7.974020431892207,522.9188609228846,0.6477009084234402,12,7.870555954218861,2.5,246,0,5709.857089785698,2.2665085891032235,4.248241222018289,70,1.5166518942540388,1
BGW-14,2,1114.104609118942,13.035835975553839,7.202217105639055,123.3123315214126,14751.021217177033,7.458829825496177,591.925219652469,0.6635506571493867,7,4.769644744556343,3.0,185,1,5360.926421648614,2.8510581225861675,3.044292794568706,0,0.7547462891469531,0
BGW-14,3,1114.104609118942,13.035835975553839,7.202217105639055,123.3123315214126,8889.666223528406,10.125429089271321,608.9600259904448,0.661506971579552,3,2.918772417599426,4.0,230,2,4056.791285054152,2.172470762417551,3.720370324879955,0,0.9130179641194365,0
BGW-14,4,1114.104609118942,13.035835975553839,7.202217105639055,123.3123315214126,4557.15911387242,8.1026290566433,568.8905860615993,0.6303598317611503,14,5.497907930716074,3.5,264,3,3689.4087226449337,1.283046971470784,8.127541945108437,135,2.1597827983188154,1
BGW-14,5,1114.104609118942,13.035835975553839,7.202217105639055,123.3123315214126,14945.681467682964,9.15530761573363,539.370072582255,0.7065370108755098,5,7.448060028047355,2.5,298,4,4834.110851561495,2.7745385333428874,5.606956904352437,103,1.6989319406251946,1
BGW-15,1,1082.1189391961864,12.08649796311417,4.246907161521304,173.47498815572396,12777.784348209612,4.823398755243161,454.51431466152906,0.7972484934826582,9,3.3699767098625495,2.5,126,0,2650.6546497904787,4.986090492682062,2.647206388220909,0,0.658699257139684,0
BGW-15,2,1082.1189391961864,12.08649796311417,4.246907161521304,173.47498815572396,4036.030141550027,8.779396419257576,580.5254605301144,0.7570340980401071,6,2.8839045999142914,3.0,271,1,1868.651005622171,1.9949533796692098,6.465564498616102,127,1.408179640146587,1
BGW-15,3,1082.1189391961864,12.08649796311417,4.246907161521304,173.47498815572396,10959.771065485045,11.65406997242737,538.0135840122134,0.6200857493997778,3,3.6881469609219217,2.5,248,2,2093.7842507311893,4.688061337815743,5.287195735698594,73,1.3204719232546323,0
BGW-15,4,1082.1189391961864,12.08649796311417,4.246907161521304,173.47498815572396,5967.569655401225,4.902275604767311,489.35831016215207,0.7070335060499203,9,6.946410175563177,3.0,233,3,1868.9788005229343,3.175381351844553,15.249200715085538,170,3.1504353614023763,1
BGW-15,5,1082.1189391961864,12.08649796311417,4.246907161521304,173.47498815572396,4590.784914868572,9.716752147680541,412.0833715287039,0.6650372848185452,11,3.92018063500493,3.5,297,4,1704.6967266917043,2.6346500952020517,13.168318161428285,205,2.274337148385131,1
BGW-16,1,988.8804635256614,22.670746780244585,7.9688629432506195,177.58317062176056,5296.478691321985,7.1198682733586205,466.765316506683,0.7436708393679755,7,7.381924142720843,3.0,156,0,2790.5403648431547,1.813097070080382,5.154097194402117,84,2.5035162962255506,1
BGW-16,2,988.8804635256614,22.670746780244585,7.9688629432506195,177.58317062176056,14994.095305492243,6.466663163082536,354.96328639143707,0.6533553823368361,10,5.514905871137544,3.5,205,1,4346.540141863605,3.391230722961131,4.046076192339722,103,2.290689513167185,1
BGW-16,3,988.8804635256614,22.670746780244585,7.9688629432506195,177.58317062176056,10296.575864186112,9.41642136760372,371.6231052984433,0.6546433800986792,15,6.850772286817953,3.5,244,2,3923.934862753442,2.545828724432468,6.7163834548588754,162,3.776508176766524,1
BGW-16,4,988.8804635256614,22.670746780244585,7.9688629432506195,177.58317062176056,8379.695098110296,11.876318534527751,356.9102404005997,0.5732847283575656,7,4.334090638685692,4.0,258,3,3734.540810336459,2.3297877816030943,5.649680079108319,148,2.987947207797489,1
BGW-16,5,988.8804635256614,22.670746780244585,7.9688629432506195,177.58317062176056,12382.828502727478,4.4948922551980655,357.7170645898398,0.7401010053155256,9,4.250897598731514,3.0,291,4,4986.019185981151,2.8800506306480402,4.168316370153651,160,2.2753313155712154,1
BGW-16,6,988.8804635256614,22.670746780244585,7.9688629432506195,177.58317062176056,12939.859552458358,4.306163605021801,640.8144431200726,0.7107248242331058,15,6.164858224850837,2.5,175,5,2839.505042105064,4.444530848534354,4.140103773905613,69,1.6854252865069206,1
BGW-16,7,988.8804635256614,22.670746780244585,7.9688629432506195,177.58317062176056,5918.12528401639,10.833043164076793,286.3999037879488,0.607517078325467,5,4.766803070037769,3.5,275,6,2782.5366584980407,2.186123546951507,7.764757322109329,173,3.2611336572978655,0
BGW-17,1,1048.0030627939939,17.641367820082927,5.8618516254083985,145.0360993455921,14813.696759597839,9.346615742563904,556.6165595956069,0.7308770381606882,14,4.166748569991093,3.0,155,0,3166.079867471785,4.352005579925091,2.794583615508169,0,0.7585594793816223,0
BGW-17,2,1048.0030627939939,17.641367820082927,5.8618516254083985,145.0360993455921,5831.408374559927,9.620636200331692,264.3208343329611,0.6635387871052904,5,6.181617609273495,3.5,145,1,2040.1006513031803,2.80605654462892,6.164869035315416,45,1.6519827881441627,1
BGW-17,3,1048.0030627939939,17.641367820082927,5.8618516254083985,145.0360993455921,11810.935701390546,4.187112559323282,641.6442596854217,0.7670716367987984,13,7.923928450383895,3.0,189,2,3226.9789016603504,3.535239451096162,6.044652016119971,108,2.3434837997815743,0
BGW-17,4,1048.0030627939939,17.641367820082927,5.8618516254083985,145.0360993455921,11512.573464849094,6.768922763310776,592.5924955058688,0.7599787908673458,4,4.014628425343753,4.0,280,3,3824.692253617426,3.0966474207881776,5.538035083289533,135,2.2846933745316633,1
BGW-17,5,1048.0030627939939,17.641367820082927,5.8618516254083985,145.0360993455921,8618.974616146937,6.2084883193776825,495.6599173455481,0.6433194550826986,3,2.757028769360256,3.5,139,4,1924.9914163814055,4.738012312617484,3.5479022739688375,0,0.656590710158504,0
BGW-18,1,1146.4176646054664,21.224421932957437,5.74698909913171,126.14735904686302,13570.529167466682,6.620042878742,598.9108779566925,0.7046487017210646,12,7.3066299364713405,4.0,250,0,4103.010778298839,3.1038366667412753,9.337085835904128,181,4.361298967064109,1
BGW-18,2,1146.4176646054664,21.224421932957437,5.74698909913171,126.14735904686302,13842.403636942097,5.575467102153505,320.4658623975866,0.6781395396668097,7,6.886472023048388,2.5,221,1,4035.6859401969873,3.734719536386622,5.396918565094551,109,2.2727842879570077,0
BGW-18,3,1146.4176646054664,21.224421932957437,5.74698909913171,126.14735904686302,7760.332469366043,10.05636306639547,580.4429302381329,0.5772559022623062,8,7.918032414298917,2.5,291,2,3477.788215922222,2.3283124831200372,9.509705258447328,192,3.937848806146151,1
BGW-18,4,1146.4176646054664,21.224421932957437,5.74698909913171,126.14735904686302,4024.3495607497043,4.950479368202867,261.7547650326294,0.6289409552508793,7,3.9603121874478093,4.0,291,3,2388.502514486262,1.5536670486751383,10.15927455373628,210,3.645876980672436,1
BGW-18,5,1146.4176646054664,21.224421932957437,5.74698909913171,126.14735904686302,5623.902530685231,3.365072199818462,436.0345066292297,0.6356746715044284,5,2.096506369560356,4.0,192,4,2060.645353651697,2.815517190385065,4.5970924821672,43,1.2914733435208687,1
BGW-18,6,1146.4176646054664,21.224421932957437,5.74698909913171,126.14735904686302,5175.407884171616,5.967147083040825,505.0514796267763,0.6497139503456013,7,3.670722147608191,2.5,140,5,1413.1576326990316,3.5524571645869236,4.713066094338165,0,0.9385138841956499,0
BGW-19,1,1065.7083839189522,15.997400825651352,6.428337260602456,161.01590068691027,13974.215440510858,3.6130429980324106,563.2764222876328,0.5847678017162518,11,4.793510352902718,3.0,149,0,3731.7073441534967,3.8078043615368546,3.15450891536809,0,0.8820383171723823,0
BGW-19,2,1065.7083839189522,15.997400825651352,6.428337260602456,161.01590068691027,12553.569295879719,11.11069379064153,614.7615042735218,0.7311747015930394,11,2.960425127698257,4.0,299,1,4829.449448546312,2.518960664258922,3.810023838769266,73,1.376896114267902,1
BGW-19,3,1065.7083839189522,15.997400825651352,6.428337260602456,161.01590068691027,14700.690970147954,6.251766516689791,264.8914878153096,0.7069419727875667,8,4.820120672455894,2.5,223,2,3693.352692999214,3.5478327339005435,3.4471904523889423,5,1.0264753785937724,0
BGW-19,4,1065.7083839189522,15.997400825651352,6.428337260602456,161.01590068691027,7453.110068291656,7.28005621206649,420.95943556100895,0.6922428427027822,13,5.900653423369284,3.0,182,3,2452.9203245140684,2.823037804415168,5.7671432136990965,48,1.4521688598191724,1
BGW-19,5,1065.7083839189522,15.997400825651352,6.428337260602456,161.01590068691027,14985.709932132779,9.48181451249296,459.32781110076826,0.8141706091011842,12,7.724649688386545,4.0,140,4,2527.5413313366485,5.609649724846836,6.9057350179223835,25,1.2918274726898564,0
BGW-20,1,1062.5458714102022,20.249964765946533,6.921094752350461,172.2638433939811,13156.43920686425,5.9327008141450674,507.31208750454675,0.7033753345514805,14,5.210523886542341,3.5,139,0,3660.6771104368063,3.8873734570509395,3.579546215471333,0,0.7657286064173038,1
BGW-20,2,1062.5458714102022,20.249964765946533,6.921094752350461,172.2638433939811,6275.129741308032,5.244596156933962,494.137660490505,0.6224808314940362,15,4.776709719737973,4.0,257,1,4001.2086061202954,1.6361338154114011,6.365399845813097,128,2.114694261111057,0
BGW-20,3,1062.5458714102022,20.249964765946533,6.921094752350461,172.2638433939811,9598.969357440374,6.01619963273686,492.7945635897544,0.7230697099431673,3,7.731586658316159,3.0,226,2,3575.8962802283604,2.732341430460896,6.838864362048231,88,1.8442959052119412,0
BGW-20,4,1062.5458714102022,20.249964765946533,6.921094752350461,172.2638433939811,7730.72223474964,9.659180262683009,611.3386789683883,0.7012061069455882,13,3.539769067849967,3.0,297,3,4003.2651154961172,1.9791093143481664,4.105138444172772,48,1.2088361952009048,1
BGW-21,1,955.381674473991,26.43456486623051,7.192431941199121,127.19915408894884,13433.407806088204,4.861920694517377,621.2259632907558,0.7301289067388378,9,2.7349776360555733,3.0,200,0,4339.215548622058,3.155751100272909,2.2925363301553263,0,0.755235685880133,0
BGW-21,2,955.381674473991,26.43456486623051,7.192431941199121,127.19915408894884,7554.273251091801,8.842660255896817,493.242594280274,0.7399443446311352,11,7.73730916220387,4.0,282,1,4429.360119961428,1.9279011420014063,13.395565444817949,206,4.105414716736907,0
BGW-21,3,955.381674473991,26.43456486623051,7.192431941199121,127.19915408894884,12265.05932819208,4.903709955626281,261.903089274143,0.5805771141011716,5,7.8774746431796405,3.5,252,2,3636.7675698381017,3.3008482844640668,10.116361130280323,170,3.2470116706868937,1
BGW-22,1,1121.9133514414907,16.01411031223559,7.547372246450659,147.20440275448593,10035.192722494503,5.048218552148443,311.29837808434735,0.7624214366951099,8,6.133432645345075,2.5,155,0,4035.1356892253716,2.4367195048211157,3.24753601688183,0,0.867522890549637,0
BGW-22,2,1121.9133514414907,16.01411031223559,7.547372246450659,147.20440275448593,9272.984278268646,11.69414716812603,516.977403878823,0.5857281197322894,14,3.27370545351479,4.0,237,1,4214.164019119749,2.0205892085030577,3.700985406085398,32,1.1962764058055224,0
BGW-22,3,1121.9133514414907,16.01411031223559,7.547372246450659,147.20440275448593,5552.834192987899,8.653865158024718,437.86686170404073,0.7944729728393831,11,3.4618883928816677,3.5,156,2,2659.26219181167,1.9402805122256253,3.5731598715616326,0,0.7582994069000647,0
BGW-23,1,1112.4989345647366,16.091480867937726,5.5546169077143706,168.22607756220577,8111.082895285274,11.428651905682191,636.0408894380846,0.7008949252334314,13,7.109255015082528,3.0,279,0,3350.0686273886245,2.2068828944012195,8.800410157626635,156,2.7397102058270004,1
BGW-23,2,1112.4989345647366,16.091480867937726,5.5546169077143706,168.22607756220577,10867.240152823644,7.429183768347992,422.73449274885326,0.6359595831432187,14,2.240641814205607,4.0,134,1,2135.63840192197,4.867403415615816,3.2085284811717023,0,0.4797989110647598,0
BGW-23,3,1112.4989345647366,16.091480867937726,5.5546169077143706,168.22607756220577,5855.923713281981,8.96714718529267,643.8272301673218,0.6848886419408285,12,7.7623081945479475,3.0,294,2,2947.4018057121652,1.9403120122654827,13.117669823102615,193,3.3467312883547073,1
BGW-23,4,1112.4989345647366,16.091480867937726,5.5546169077143706,168.22607756220577,9742.594273344079,7.862763320173516,506.0478982735669,0.5685883715867521,6,3.7787953917728423,3.5,230,3,2586.9889252344683,3.63505074507429,5.766911348111219,54,1.37298693542246,1
BGW-23,5,1112.4989345647366,16.091480867937726,5.5546169077143706,168.22607756220577,11295.68841871952,7.79918974751919,575.9837664008485,0.747196765328899,13,2.5098236621291994,3.5,143,4,2001.3469738189642,5.703014382001364,3.5982582607224223,0,0.4775695419257256,0
BGW-23,6,1112.4989345647366,16.091480867937726,5.5546169077143706,168.22607756220577,4846.547496428673,10.364000058146551,254.6174192044848,0.7142115251828087,13,3.8513368884407932,4.0,196,5,1658.7320367367208,2.793275366804947,8.45156889900394,65,1.6290584340467114,1
BGW-24,1,1017.9815373842474,13.994949075995356,7.057004049787121,152.29810107555917,7524.839066983505,7.383524888131517,539.6457355997924,0.7939963861170465,14,4.087673011643501,3.5,135,0,3147.6466493780044,2.4315779401851674,3.075551160740609,0,0.9806590679070751,0
BGW-24,2,1017.9815373842474,13.994949075995356,7.057004049787121,152.29810107555917,5744.164550790881,8.937746979076309,401.9576718161295,0.6776599905385441,11,7.863335485449173,2.5,239,1,3930.2255667246986,1.4841013315564335,5.877367081467371,137,2.9364774593541796,0
BGW-24,3,1017.9815373842474,13.994949075995356,7.057004049787121,152.29810107555917,5917.561934880787,4.382823780314646,436.009902000393,0.7104952993115494,6,7.847287483444377,3.0,241,2,3542.870075630666,1.6030747363973858,7.764992295825296,169,3.6116301851769532,1
BGW-24,4,1017.9815373842474,13.994949075995356,7.057004049787121,152.29810107555917,6423.4131798723765,9.467685278695381,604.4799600534914,0.8073203860692664,6,3.251884627459388,2.5,130,3,2375.27099403076,2.8514954428705566,2.6527564201884934,0,0.49686534879913535,0
BGW-24,5,1017.9815373842474,13.994949075995356,7.057004049787121,152.29810107555917,9844.358629171735,7.616565209874872,338.15996155567166,0.7350286109333045,3,3.399808775166555,3.5,296,4,3681.821590644448,2.496899637117799,4.408549671134813,121,1.8859711282685552,0
BGW-25,1,1126.0527927890992,27.62512518145691,7.4894890028805765,149.6949441359112,14696.353572600163,3.183499214813819,264.3566205949319,0.5644030843227867,15,3.8747853128538425,4.0,254,0,4887.734262256398,2.7664562272482827,4.081704966506912,73,1.404465491938271,1
BGW-25,2,1126.0527927890992,27.62512518145691,7.4894890028805765,149.6949441359112,14704.829098473472,11.470098628654204,438.54131803616076,0.7761110202371215,11,3.3236681080692585,3.0,285,1,5564.935689187814,2.671142217236206,2.972359021044051,0,0.8449673162774609,0
BGW-25,3,1126.0527927890992,27.62512518145691,7.4894890028805765,149.6949441359112,11153.331169312933,9.522414004085192,324.8406703027515,0.6413849019412179,8,3.4477870653543414,3.5,269,2,4453.148961133976,2.53146683887377,3.8941378251847403,17,1.0798368260471563,0
BGW-25,4,1126.0527927890992,27.62512518145691,7.4894890028805765,149.6949441359112,13789.507611017254,3.330302500548613,278.92690211180786,0.5606576096669831,13,3.6824875369978303,3.5,252,3,4056.124581419322,3.290844676175236,4.179298955356252,36,1.1654546334301534,1
BGW-25,5,1126.0527927890992,27.62512518145691,7.4894890028805765,149.6949441359112,4887.822965727184,3.221980500055909,451.63002591552805,0.7198177585420549,8,5.660721868057998,2.5,124,4,1858.2936243357815,2.7162266315736336,4.843438430759244,0,0.7757933319045072,1
BGW-26,1,1007.7564409097204,13.505183505112184,4.047769340062959,134.30269442241803,14115.142490613987,8.090004552109047,629.0522938035535,0.608415755499111,12,5.172107429335588,3.5,203,0,2851.4274712009014,4.564878229983174,5.278558910167267,81,1.9000980479640341,0
BGW-26,2,1007.7564409097204,13.505183505112184,4.047769340062959,134.30269442241803,9515.68754624445,6.474730961678977,649.2214230795805,0.8157719931142275,12,4.313932779517241,3.5,268,1,3006.8245430848465,3.1180695904082882,6.239921259542622,142,2.3096395007875823,1
BGW-26,3,1007.7564409097204,13.505183505112184,4.047769340062959,134.30269442241803,10262.867375712825,10.427916585040876,614.7650938477948,0.6594808135302332,9,4.506372941864907,4.0,223,2,2612.5286506468588,4.132833998073432,7.075666948754415,102,2.230953605512623,0
BGW-27,1,1123.7975366906712,16.234091249831515,6.884325594251969,153.8084064255516,13100.054895304665,3.4799359470655844,596.8844301633076,0.7471096966595635,8,4.184098789703298,3.0,230,0,4841.165674272344,2.520232439625221,3.322148475418555,98,1.72362062311366,1
BGW-27,2,1123.7975366906712,16.234091249831515,6.884325594251969,153.8084064255516,4936.279321495309,10.98936043904887,485.29584526300914,0.7253659176809965,15,2.5600723372664618,3.5,137,1,2237.1371782192236,2.1818281724707678,3.151497256440683,0,0.8948422196209445,1
BGW-27,3,1123.7975366906712,16.234091249831515,6.884325594251969,153.8084064255516,12884.032424576555,10.255689560114643,501.583137698365,0.5601857410224461,8,7.245893716973464,3.0,232,2,4813.922959098772,3.219687672930449,6.68444516609869,133,2.94158143150493,1
BGW-27,4,1123.7975366906712,16.234091249831515,6.884325594251969,153.8084064255516,4217.7466357263875,10.004522761558441,544.1423577540123,0.5907525134951165,3,6.606140745981537,2.5,204,3,2495.8265095463416,1.881380688671194,7.773794728216223,111,2.535973812667244,0
BGW-27,5,1123.7975366906712,16.234091249831515,6.884325594251969,153.8084064255516,14677.984497627262,7.6157998758088,636.3470874446249,0.5871065566172724,4,5.428568906514622,3.0,279,4,3755.600551354717,3.69697235610066,6.136181670712435,154,2.5108513273193407,1
BGW-27,6,1123.7975366906712,16.234091249831515,6.884325594251969,153.8084064255516,9842.563694385406,5.278294065023412,482.04886431870614,0.6318697037738854,15,2.793706964044067,3.0,254,5,3051.502543462772,3.139693248913275,3.9551237754265687,75,1.3410519225227366,0
BGW-27,7,1123.7975366906712,16.234091249831515,6.884325594251969,153.8084064255516,7991.336389434424,5.0715883844117755,362.75459920733505,0.6224058159631564,10,6.654988429224347,3.0,236,6,2676.699111082642,3.04727765097101,9.83767555725526,160,3.144067830550558,1
BGW-28,1,1033.082265698071,12.61609060481415,6.333512791831055,179.71315647246414,12872.436373304916,3.036482478000277,296.62456809589986,0.7466839277366268,9,7.373217520498624,3.5,140,0,4120.492177016083,3.261637808910133,4.901820369722636,100,2.764645500982503,0
BGW-28,2,1033.082265698071,12.61609060481415,6.333512791831055,179.71315647246414,11917.812215022943,6.772099482533175,539.5650916183672,0.6826112398104754,13,5.592042817928644,2.5,154,1,3486.880500270085,3.5177075437365475,3.3523934921631984,51,1.563923170171468,1
BGW-28,3,1033.082265698071,12.61609060481415,6.333512791831055,179.71315647246414,6889.0737244521115,10.027377357967588,296.98990533548493,0.7888076014687285,11,4.504143206292188,2.5,295,2,3460.3541846485514,1.9725852312532046,5.135349136684115,181,2.213770705867539,1
BGW-28,4,1033.082265698071,12.61609060481415,6.333512791831055,179.71315647246414,6168.036594801057,8.164552242314738,289.61713641175,0.7507852428572879,11,7.750697949350631,3.0,141,3,1963.4294283055153,2.9373177870313,7.4924515555970945,84,2.801763656766883,0
BGW-28,5,1033.082265698071,12.61609060481415,6.333512791831055,179.71315647246414,5031.59357921451,8.995000104652174,416.4547321887811,0.5877884780348313,3,4.028511572297592,3.5,166,4,1727.5921746664367,2.7699882302414904,6.154603361230969,78,2.0587235514831934,0
BGW-29,1,1109.2237816495322,25.013103047905606,5.666774910001716,140.92317001842915,8017.805905030835,8.13840104808629,444.46990296289135,0.8136924848815399,4,6.79771570657841,4.0,129,0,2027.9907819432105,4.079401375505932,7.597742153128388,35,1.4750648026987316,1
BGW-29,2,1109.2237816495322,25.013103047905606,5.666774910001716,140.92317001842915,4860.049506944376,7.014124810478369,344.7332678111455,0.811319774072286,5,4.457454466682356,4.0,184,1,2415.6364041872766,2.2254873560022292,6.965422684508376,74,1.9023710878652327,1
BGW-29,3,1109.2237816495322,25.013103047905606,5.666774910001716,140.92317001842915,10755.572562164252,8.337228416838972,389.4365945380124,0.7037979500095938,4,3.548083718698255,3.0,126,2,1870.7547969693828,6.057484101352601,3.827793026233947,0,0.5157014490972732,0
BGW-29,4,1109.2237816495322,25.013103047905606,5.666774910001716,140.92317001842915,4147.665745256274,4.488290795690587,511.23056762736525,0.7181804036283483,6,5.720374431412222,3.5,131,3,1373.9753839122473,2.943994009340067,8.362635911645564,51,1.6509317979009264,1
BGW-29,5,1109.2237816495322,25.013103047905606,5.666774910001716,140.92317001842915,13833.838595928364,4.434381267847403,575.5022266658933,0.5837796511309666,8,3.502421826516162,4.0,238,4,2782.4940845113683,4.854444787712425,5.6817163746279675,84,1.6382807299620619,1
BGW-29,6,1109.2237816495322,25.013103047905606,5.666774910001716,140.92317001842915,4017.685099524929,7.866989760209623,394.00583335212184,0.7754463746270587,14,5.917032763506097,4.0,295,5,2205.8507376851467,1.775398740051308,16.807098030026,218,4.335871004743798,1
BGW-30,1,1071.3359716102186,26.921293666375874,3.885361007773881,139.1000318897645,12147.842226190918,7.941802513060815,584.6147889640135,0.5671346938928832,9,7.1491390598916045,3.5,265,0,2504.5256905844917,4.5770849220184875,12.060782420381747,134,2.3793892449524146,1
BGW-30,2,1071.3359716102186,26.921293666375874,3.885361007773881,139.1000318897645,13208.991446083131,4.056027853497483,386.6806493185609,0.5608632179302587,12,2.5642677123654636,2.5,169,1,1998.1110601525565,7.011486942363082,3.3047174503404757,0,0.40328428919565235,0
BGW-30,3,1071.3359716102186,26.921293666375874,3.885361007773881,139.1000318897645,12466.458358537171,9.562882396914512,317.7139510938841,0.8144312707874042,3,5.939439753086934,4.0,267,2,2210.1907853319694,5.629843832884722,13.108850235391339,116,2.129245946395114,0
BGW-31,1,1060.0484213495583,15.03250963386858,3.0637012008590037,138.0506850490651,13991.521439298203,9.89685984600414,324.5994442877245,0.7246473030652875,5,4.774550790793432,3.0,183,0,1890.1859126969948,7.339827918353767,6.116628882029762,60,1.7011648565057398,0
BGW-31,2,1060.0484213495583,15.03250963386858,3.0637012008590037,138.0506850490651,10486.019972285776,8.356736422595205,379.96511096523545,0.6154985530755928,7,6.5884394605242775,3.0,161,1,1630.947549888973,7.156622606413138,9.42983079363071,78,2.306802135493996,1
BGW-31,3,1060.0484213495583,15.03250963386858,3.0637012008590037,138.0506850490651,12473.519530472386,10.00855157464218,466.6522348153917,0.6961878058750609,4,7.075036502403947,2.5,238,2,1782.6408070470252,6.959592488016718,10.80345027397467,134,2.8953655592986114,1
BGW-31,4,1060.0484213495583,15.03250963386858,3.0637012008590037,138.0506850490651,11792.599347050984,9.70602356730307,598.985642695739,0.8027820050398096,7,3.04705919888009,4.0,282,3,1904.0172737450107,6.182340562590717,8.55893852320301,148,2.3108173512470005,0
BGW-31,5,1060.0484213495583,15.03250963386858,3.0637012008590037,138.0506850490651,13486.560263969564,10.539148200304219,313.16756034333986,0.5632526594068769,15,2.431681146524971,3.5,146,4,1280.330335504072,11.646346227349198,5.084260821453833,0,0.8324712976749598,0
BGW-31,6,1060.0484213495583,15.03250963386858,3.0637012008590037,138.0506850490651,13789.23625509849,5.058426417410654,281.13446074480595,0.6605785892469087,10,6.576469164499907,3.0,138,5,1206.462319775224,11.955039144308184,10.035992012687926,62,1.9216053800386532,1
BGW-31,7,1060.0484213495583,15.03250963386858,3.0637012008590037,138.0506850490651,9541.149452598984,6.8685628905435925,361.04362467981065,0.7122835938429,11,6.741271276099034,3.0,287,6,1397.855647814224,6.784447571894759,21.330698301910175,213,4.130928141769887,1
BGW-32,1,1044.6934911687335,12.211242923448006,6.357071858974207,174.82631396961804,11618.819197994995,6.903734634408289,625.8363596690149,0.7498067965335163,13,4.740186499638737,3.0,226,0,4421.929543316465,2.4305750328719937,3.420528505643105,53,1.3922013824823503,0
BGW-32,2,1044.6934911687335,12.211242923448006,6.357071858974207,174.82631396961804,6318.982376308513,6.3760068563136265,532.3515210252746,0.7616346754935897,14,6.549568062954727,3.5,239,1,3686.4691396403696,1.6959871977467544,7.347996282013823,144,2.8734130496136863,1
BGW-32,3,1044.6934911687335,12.211242923448006,6.357071858974207,174.82631396961804,12956.938936005734,10.7502247783296,592.6041674115493,0.7745018215913679,3,5.67954865271051,2.5,133,2,2754.307637358712,4.663053098641617,3.2140628059390215,0,0.5620581595662659,0
BGW-32,4,1044.6934911687335,12.211242923448006,6.357071858974207,174.82631396961804,13832.235426150439,4.925059475690179,469.86658097430177,0.7320185687023573,8,3.9682185594957327,4.0,275,3,4697.130148240993,2.948564691431489,4.630046534571337,117,1.890026274815699,1
BGW-33,1,1035.0537301215493,17.12654108856301,3.374965745297548,157.73455107321044,5423.346551818199,7.037587568299099,534.2341121146967,0.7144544175961764,6,6.020045598038397,3.0,212,0,1736.004170752813,3.134944365185666,10.111533414018046,105,2.2667420440627692,1
BGW-33,2,1035.0537301215493,17.12654108856301,3.374965745297548,157.73455107321044,12527.252482077998,9.903405847302873,470.071829027138,0.6786477348049619,12,7.517237916699926,2.5,202,1,2000.9335841503244,6.196079340850522,8.067825672491038,68,1.7279436528355383,1
BGW-33,3,1035.0537301215493,17.12654108856301,3.374965745297548,157.73455107321044,6450.898154388149,3.3097308227747773,408.08572642286276,0.765774987220902,14,2.1888791855358756,4.0,184,2,1396.9683083719767,4.330886275371958,5.366908015204459,0,0.997091691552498,0
BGW-33,4,1035.0537301215493,17.12654108856301,3.374965745297548,157.73455107321044,12280.418137675426,5.574491313436093,393.8120730867579,0.6564482795739631,6,4.9334280690113825,3.5,197,3,1847.733437471193,7.050775698595117,8.499460055535092,67,1.6458156668395545,1
BGW-33,5,1035.0537301215493,17.12654108856301,3.374965745297548,157.73455107321044,12052.36346046227,6.366878424282405,508.9955831549635,0.8179912345117338,5,3.999074249073709,4.0,163,4,1423.8133808210753,8.15691002337279,7.389747857938419,16,1.1316088995833227,0
BGW-33,6,1035.0537301215493,17.12654108856301,3.374965745297548,157.73455107321044,14866.0417914654,9.432260534917916,429.9675592937409,0.628005012887256,8,2.868241632979363,2.5,283,5,1936.8952680201808,7.570099533859595,5.251459252817416,0,0.9350561779550587,0
BGW-33,7,1035.0537301215493,17.12654108856301,3.374965745297548,157.73455107321044,5818.095974700676,8.695489063388242,483.8331558466361,0.7540056930357151,4,7.813017979211614,2.5,146,6,802.2420004971832,6.848258331076621,13.327360106107623,36,1.4663566098926917,0
BGW-34,1,1007.156163004683,22.58695962573215,7.462236524213194,163.0087444167467,5628.4106796309625,7.847084273053959,588.3655288839666,0.7447352540938171,11,4.850678100809975,3.5,263,0,4158.695525934436,1.351155846960389,5.55842311936429,179,3.5674744150338955,1
BGW-34,2,1007.156163004683,22.58695962573215,7.462236524213194,163.0087444167467,13256.599125620063,9.196023572945856,486.7910721458212,0.5749596411233182,3,5.387405352106267,3.5,265,1,4203.150181783693,2.9701410151522243,5.463148391410303,160,3.3138754553185703,1
BGW-34,3,1007.156163004683,22.58695962573215,7.462236524213194,163.0087444167467,14878.690601378725,5.734868633013325,401.95033087515117,0.554250435252538,6,5.268925550808179,3.5,147,2,3056.551943247518,4.665430818519435,3.980369855917561,54,1.6932511183873682,1
BGW-35,1,1088.4697445102088,14.112602863326606,3.2492695474357354,120.59616269700022,5772.959575667182,3.7469478983935156,463.03179142839775,0.8061582728053456,15,4.013393680023595,3.5,180,0,1647.1525493166578,3.3677147326181602,7.1677734823217625,98,2.2016439609773766,0
BGW-35,2,1088.4697445102088,14.112602863326606,3.2492695474357354,120.59616269700022,8397.100029289311,8.063492656734732,433.9290268392738,0.7747224099778258,12,6.176314103319374,3.0,185,1,1827.9489155302795,4.692826526061555,8.649577216239694,93,2.410138593548596,1
BGW-35,3,1088.4697445102088,14.112602863326606,3.2492695474357354,120.59616269700022,5850.097963816554,5.945645126365519,527.3145535100253,0.5615066802593921,7,4.249984075417661,3.5,149,2,1113.1178884188491,4.812759271486195,8.163782920949448,57,1.7861029650942375,1
BGW-35,4,1088.4697445102088,14.112602863326606,3.2492695474357354,120.59616269700022,8732.88980056712,5.865599476148846,298.4534240889438,0.620315053505968,15,4.3946495886074,2.5,178,3,1362.0125134152725,5.97696175282949,6.384428270193026,52,1.4965956053147296,1
BGW-35,5,1088.4697445102088,14.112602863326606,3.2492695474357354,120.59616269700022,9306.50653823755,3.951443060929409,458.0233358612427,0.6659644472399788,7,5.970939637199923,4.0,158,4,1397.88809867904,6.87258407810885,12.671928853497365,105,2.8073967500337043,0
BGW-35,6,1088.4697445102088,14.112602863326606,3.2492695474357354,120.59616269700022,9985.412385113072,11.202356521706852,346.83292131015793,0.621044307969629,3,4.377227088985658,3.5,251,5,1522.218461773831,6.574423194118335,11.453733981528407,126,2.671971573769491,0
BGW-35,7,1088.4697445102088,14.112602863326606,3.2492695474357354,120.59616269700022,9043.959359232967,3.2742462857235406,424.71354518566744,0.7343777360458859,7,5.528294416996066,2.5,214,6,1587.78202528179,6.263402919751623,9.664653823498902,119,2.29893787288186,1
BGW-36,1,1142.8661036367323,15.80194531678633,7.951934978679055,173.34738914364578,12653.964350430919,4.326876993134444,441.844870331545,0.7746924148842944,14,7.818548080184232,4.0,134,0,3702.4264827761867,3.092796147386115,5.542579066409972,58,1.711031650905642,0
BGW-36,2,1142.8661036367323,15.80194531678633,7.951934978679055,173.34738914364578,9612.937245175372,11.908821013122354,504.7543042569362,0.6960363864072354,15,2.4716031061550945,3.5,135,1,3043.8301528059656,3.0850811301939323,2.5527106701286604,0,0.42324293535922514,0
BGW-36,3,1142.8661036367323,15.80194531678633,7.951934978679055,173.34738914364578,9027.760767207867,7.116729448835301,311.22419950306323,0.7847573310984803,15,4.406436774418015,3.0,136,2,3141.187636443624,3.020520794448424,3.4149144556569557,0,0.7428184358173358,1
BGW-36,4,1142.8661036367323,15.80194531678633,7.951934978679055,173.34738914364578,10835.529423790307,10.914671267642444,628.2396259831921,0.7360633748060122,7,2.1901373984049592,3.5,186,3,3908.6640303686163,2.974411500548951,2.649410909150244,0,0.5353119944705937,1
BGW-37,1,957.9614431834884,18.800290409123164,6.7769820287193205,145.36452228176162,4970.303334450444,8.67953416387581,579.6454905805413,0.5573161681969815,3,4.1775002121722675,3.0,295,0,3664.1249284878927,1.3948047965903179,5.13013772415303,188,2.9737772732947048,1
BGW-37,2,957.9614431834884,18.800290409123164,6.7769820287193205,145.36452228176162,10453.27816642528,10.425843794306285,258.2639787631546,0.6072412875663732,7,7.0931647946669845,4.0,162,1,3148.040201658833,3.5591844563945023,6.522038430606952,91,3.044653670802175,1
BGW-37,3,957.9614431834884,18.800290409123164,6.7769820287193205,145.36452228176162,8002.9760719541555,10.72349899264874,252.81748552158558,0.8186427778786711,12,2.62667945454128,3.0,192,2,3365.1949234818853,2.6959316192863603,2.742511350566913,18,1.1299136010481692,0
BGW-38,1,972.0176601548234,24.681873839105624,7.2995910569731235,175.40888818593652,11780.507305658408,9.618589977570181,443.94395542370626,0.7297316773786349,14,2.770300744890345,4.0,258,0,4533.672665965367,2.6595153838152363,3.3705997497658156,91,1.5245911318512315,1
BGW-38,2,972.0176601548234,24.681873839105624,7.2995910569731235,175.40888818593652,12100.070724239817,6.3161812264745425,312.44643479190813,0.619773243165904,6,5.542889304326826,4.0,262,1,4156.060397117785,2.9573696444308477,7.273481830707035,172,3.1122321993433273,1
BGW-38,3,972.0176601548234,24.681873839105624,7.2995910569731235,175.40888818593652,6059.079321461682,9.691304491216226,387.62999831420694,0.7469480260859853,14,3.2383963435638323,3.5,241,2,2775.0893782857265,1.9861301977401744,4.481094430955006,105,1.6765224140726753,1
BGW-38,4,972.0176601548234,24.681873839105624,7.2995910569731235,175.40888818593652,4089.9157289356826,7.565770813267621,281.7930858668556,0.683053330937463,12,3.7749171845821747,2.5,213,3,2193.084325915508,1.7300165067232807,4.322703344152689,72,1.3939482504000988,1
BGW-38,5,972.0176601548234,24.681873839105624,7.2995910569731235,175.40888818593652,4367.633676461564,8.575170413594295,410.00559882174764,0.7716287746901482,7,2.5065475736573077,4.0,147,4,1782.0621157792914,2.4877124192969307,4.024999416587097,4,1.025058254419163,0
BGW-39,1,1079.8308780106452,15.501835333610321,6.690136495995144,155.04865064978748,8165.363619769586,5.016971881618192,432.85911743099916,0.7393871947608004,11,3.3027254426374433,3.5,296,0,5333.80881668515,1.6986882586534418,4.180231031685382,119,1.4967162308830266,1
BGW-39,2,1079.8308780106452,15.501835333610321,6.690136495995144,155.04865064978748,9521.513452024323,9.907426848449772,431.61075650390023,0.5652289402547266,12,6.519311641146627,3.0,287,1,4586.310483430119,2.1975325870708105,7.289817534783284,164,2.455177063576453,0
BGW-39,3,1079.8308780106452,15.501835333610321,6.690136495995144,155.04865064978748,14534.821190409622,8.308183140714242,250.83843224595697,0.5718701103347201,8,5.927798283650889,4.0,133,2,2790.6739899200375,4.77677303459447,4.967477098849638,16,1.175236552660689,0
BGW-40,1,1119.1698737836948,26.7720800943029,6.420140238808851,168.7255043677749,10842.496706519045,5.025174144870764,320.62058002330934,0.675699876441972,11,7.463324652099567,3.5,194,0,3494.8528456578256,3.199352487502637,7.11027678555814,75,1.7355451746439154,0
BGW-40,2,1119.1698737836948,26.7720800943029,6.420140238808851,168.7255043677749,11079.807700216388,4.600045993375039,497.31582689557695,0.6285406648725388,14,7.371868312176236,4.0,157,1,2780.7243354242396,4.134891082427278,7.998935837588475,56,1.5744721174566836,1
BGW-40,3,1119.1698737836948,26.7720800943029,6.420140238808851,168.7255043677749,4016.972817863812,6.680006840988805,384.8554805537973,0.6291339602152531,3,4.569817896627314,4.0,157,2,1648.0511077963963,2.301646387259441,7.331107933463153,20,1.1869987388104328,1
BGW-40,4,1119.1698737836948,26.7720800943029,6.420140238808851,168.7255043677749,7779.413182273656,4.0225129451961354,321.4521447415185,0.6265966274961173,13,3.5787054518881716,4.0,293,3,3012.9841396242978,2.330836533986112,6.409149017137171,118,1.6762928777981245,1
BGW-40,5,1119.1698737836948,26.7720800943029,6.420140238808851,168.7255043677749,10685.22744960117,7.093870267479174,475.22791313938285,0.6303462608898558,11,6.581822421724819,3.5,218,4,2653.9199376535025,3.9129099943150205,8.399747374586017,73,1.6717610220999515,0
BGW-41,1,996.7637263727512,26.555763521702993,4.097537874351744,164.69657650098839,10148.954646340702,5.235814852760464,369.20042407534976,0.5654691226914697,7,7.871637581496554,3.0,126,0,1347.8265542583888,6.806504683325473,8.08533926796986,69,2.2296005824121163,0
BGW-41,2,996.7637263727512,26.555763521702993,4.097537874351744,164.69657650098839,13367.551180724176,8.201236439525122,548.8578681533768,0.6659812620315708,7,7.6957665146556185,3.0,165,1,1794.8310446010967,7.09205505315485,8.108184632401558,83,2.4219878809994855,0
BGW-41,3,996.7637263727512,26.555763521702993,4.097537874351744,164.69657650098839,5215.5894467469525,6.510504652897187,589.696848355902,0.6619573630905975,6,5.061524085396773,2.5,185,2,1478.0505623426254,3.5678285889271537,7.00880491853987,86,2.1693560705741906,0
BGW-41,4,996.7637263727512,26.555763521702993,4.097537874351744,164.69657650098839,12970.977751747954,4.560488792543395,625.7731358436887,0.5640633973795424,5,2.822150232887737,3.5,237,3,2263.208150509534,6.348951529506736,5.391481716884476,96,1.8210372745757244,1
BGW-41,5,996.7637263727512,26.555763521702993,4.097537874351744,164.69657650098839,11980.460091396155,8.325845667036607,289.57091879171514,0.5957260477104303,15,5.359179958724122,3.5,224,4,1718.3898649969883,6.746645930181031,10.131719384100268,137,3.243889823293879,1
BGW-41,6,996.7637263727512,26.555763521702993,4.097537874351744,164.69657650098839,7153.6915695306925,11.96044056706369,490.1120224932813,0.7812153667421138,7,7.881800041439178,2.5,270,5,1650.4848472659112,4.270303584926995,14.285893925437225,180,4.428625656582084,1
BGW-41,7,996.7637263727512,26.555763521702993,4.097537874351744,164.69657650098839,4336.109396193883,11.603732096381119,293.0725435920564,0.6814635153313784,8,7.552266365419461,4.0,172,6,915.9938321206658,4.438043027364159,22.977873132569318,120,4.828714342964523,1
BGW-42,1,1026.4947174094418,16.85674962809678,7.717629991506673,137.47093651367157,10609.767657277462,4.773108524512874,343.5919934750269,0.7289590395397725,15,6.747819522269733,3.5,202,0,4933.21627755709,2.2464682023550133,5.192513686648096,144,3.3369958848472074,1
BGW-42,2,1026.4947174094418,16.85674962809678,7.717629991506673,137.47093651367157,9767.879678240904,7.592627976299827,359.4683404003614,0.7470572149977442,7,7.831749006990695,3.0,287,1,5373.6620844512245,1.8771522634788527,6.899730359741434,210,4.3903582352347765,1
BGW-42,3,1026.4947174094418,16.85674962809678,7.717629991506673,137.47093651367157,6830.543022951373,7.56437568873525,483.6045848615176,0.6725904687103058,12,2.6456029486696213,2.5,163,2,3175.919580259594,2.2819015787386614,2.348756174205301,0,0.8026521562509741,1
BGW-42,4,1026.4947174094418,16.85674962809678,7.717629991506673,137.47093651367157,4156.845345216239,11.00845005552478,357.5154735272622,0.7507111022428967,15,3.139622652203775,4.0,134,3,2039.6508094590654,2.007377491188482,3.9161477134322333,31,1.380088094808975,0
BGW-42,5,1026.4947174094418,16.85674962809678,7.717629991506673,137.47093651367157,14492.392274407028,5.36484570115427,405.41322323730117,0.6912614663497268,13,2.154007333091206,4.0,198,4,4021.597276566164,3.7295352635379664,2.5839378141995573,14,1.0792655372686482,0
BGW-42,6,1026.4947174094418,16.85674962809678,7.717629991506673,137.47093651367157,13460.957888612384,10.59178034989096,469.5845250192777,0.5778275288970935,15,2.417526831663338,3.5,167,5,3003.349059882181,4.54046446491646,2.699914248916975,0,0.8386813871472779,0
BGW-42,7,1026.4947174094418,16.85674962809678,7.717629991506673,137.47093651367157,4482.640724937698,10.089971941699911,408.59785298655015,0.7319106846781488,5,4.384332239343771,4.0,147,6,1617.4123348191213,2.500633323649219,6.265636493908578,61,1.9963652275035706,0
BGW-43,1,1010.5059841194047,12.303029550032202,4.081851229770984,148.14669582801287,6321.263084070792,11.157335418782903,380.7875436431326,0.5783870621665035,11,5.903089417832543,2.5,227,0,1850.3929916520178,3.07431968493353,8.420455960439691,121,2.0099776585333835,1
BGW-43,2,1010.5059841194047,12.303029550032202,4.081851229770984,148.14669582801287,8833.70338311047,8.980262630050312,511.64974660514315,0.6997187213078283,12,4.283732621136929,2.5,267,1,2240.302968774274,3.6442547792471474,6.165119714480225,113,1.493953861673594,0
BGW-43,3,1010.5059841194047,12.303029550032202,4.081851229770984,148.14669582801287,4038.183005772104,10.515523060543742,323.751891493633,0.8036865770902499,3,7.139819024144061,3.5,280,2,1721.1597190161326,2.397109688582741,26.36696396686361,211,3.7441072256800467,1
BGW-43,4,1010.5059841194047,12.303029550032202,4.081851229770984,148.14669582801287,7685.392799005178,4.809256532308087,284.5359139036779,0.7660701436606032,10,4.439319660070616,2.5,131,3,1410.5340505087142,5.405337171010661,4.9308558659162935,0,0.947730590103287,1
BGW-43,5,1010.5059841194047,12.303029550032202,4.081851229770984,148.14669582801287,14061.368084858435,9.594133994751672,417.87301775954927,0.7079946700909971,14,4.522259113278677,2.5,186,4,1902.9639353482464,7.239846589860616,5.22089778036043,21,1.1305438773916083,0
BGW-44,1,997.0746130301892,20.866378293848804,6.677860854027928,124.73813600409521,14260.396831781323,10.475484796298154,383.6853268282458,0.6983761804058893,12,4.129679256488378,3.5,257,0,5070.873374134895,2.9260514650696785,3.826964181668078,99,1.785620955154584,1
BGW-44,2,997.0746130301892,20.866378293848804,6.677860854027928,124.73813600409521,6416.764844599663,10.479176537897228,313.70019288559354,0.794897351735351,3,6.02036223075577,3.0,289,1,3380.815582048526,1.8261545528396523,7.470251346996033,175,2.8165277600362044,1
BGW-44,3,997.0746130301892,20.866378293848804,6.677860854027928,124.73813600409521,9222.688275642951,10.664303308880442,455.48430690725127,0.8080072214162535,10,3.2458729224626417,4.0,293,2,3826.36200008336,2.2888694944474506,4.732752762980633,136,1.9293649538062538,1
BGW-44,4,997.0746130301892,20.866378293848804,6.677860854027928,124.73813600409521,8115.589345766778,6.3860624430507045,390.9011333385263,0.6078135595643686,8,4.304710615043527,3.0,141,3,2180.559827726617,3.6949927619803096,3.9240071118846815,2,1.0129235191002013,0
BGW-44,5,997.0746130301892,20.866378293848804,6.677860854027928,124.73813600409521,5751.11923603869,3.5426906064082417,470.12220811732857,0.5891480475986203,12,2.4662691071400653,3.0,183,4,2123.181044326584,2.597696282261255,3.414404015427814,0,0.9054425454159413,0
BGW-44,6,997.0746130301892,20.866378293848804,6.677860854027928,124.73813600409521,11424.18736016309,3.2826034399956674,406.8786050285138,0.7680415454315592,10,7.073893020824681,3.0,277,5,3187.101528081569,3.2944080703621346,8.763849091045206,193,3.0152796552591514,1
BGW-44,7,997.0746130301892,20.866378293848804,6.677860854027928,124.73813600409521,7295.379841134306,8.963251730373628,366.95396970576576,0.6575301470613635,11,5.8500191438130305,2.5,199,6,2289.43547021378,3.373384576677089,6.111804484599101,72,1.6893245301873934,1
BGW-45,1,1105.4156371141944,27.930119430275145,4.93202645379551,136.31726853367908,14846.591465560534,6.15715882948674,267.3248837290258,0.5730016580093228,8,2.1166545076675556,4.0,138,0,2268.0749257883226,7.178202549238395,3.2082105087395725,0,0.5745190125392903,0
BGW-45,2,1105.4156371141944,27.930119430275145,4.93202645379551,136.31726853367908,5010.1098179876435,4.298790351565455,602.3247081425477,0.8155003404928453,15,6.518609988332263,3.5,131,1,1300.921001988458,3.4575247845626564,10.17642838510964,69,2.0761355134363684,1
BGW-45,3,1105.4156371141944,27.930119430275145,4.93202645379551,136.31726853367908,7955.70844552665,11.657906658628495,251.62982417671972,0.6278545013017612,3,3.8730734899195447,4.0,175,2,1578.8324361314385,4.951790848578277,7.808089753126283,48,1.5310879152264327,1
BGW-45,4,1105.4156371141944,27.930119430275145,4.93202645379551,136.31726853367908,5904.697593360198,6.466095809507987,258.4834165671884,0.7815015124859178,12,6.001993536548575,4.0,186,3,1599.9793549960445,3.602692152697073,14.226663563327591,115,2.8716213668409596,1
BGW-46,1,1065.8828668969327,17.01820646014346,5.178831462697488,162.3711389268459,11439.393805521535,7.468234473362821,511.27219904448975,0.7637360003800835,8,6.710255310392096,2.5,203,0,3517.8664409783014,3.530274849255022,4.963322905579627,45,1.3915170951651588,1
BGW-46,2,1065.8828668969327,17.01820646014346,5.178831462697488,162.3711389268459,12133.226166086832,10.758475521081763,281.52814559946296,0.6092989261084489,12,4.417180663556122,3.0,246,1,3428.00504967999,3.685002555017928,4.820131085207369,56,1.4082437166517783,1
BGW-46,3,1065.8828668969327,17.01820646014346,5.178831462697488,162.3711389268459,11924.024006586376,10.859066023264191,488.59550236345405,0.7009336460929728,14,6.356200401323744,4.0,245,2,3156.273017879041,3.8198135948770062,9.372066306505488,124,2.6287600127674233,1
BGW-46,4,1065.8828668969327,17.01820646014346,5.178831462697488,162.3711389268459,6058.774565183394,7.2464983956254185,438.36664009189053,0.7914244274719475,7,2.947150617292329,4.0,237,3,2333.653504790153,2.5347784205111585,5.70315780691308,62,1.435948380910039,1
BGW-46,5,1065.8828668969327,17.01820646014346,5.178831462697488,162.3711389268459,8432.130025194325,10.876521954574343,478.93214030833826,0.5527150743756657,8,4.05907264211275,4.0,227,4,2009.825041631236,3.7509975575208534,7.442449953680732,74,1.724612594109399,1
BGW-46,6,1065.8828668969327,17.01820646014346,5.178831462697488,162.3711389268459,4526.905583538816,5.9619426953387755,529.4842532576956,0.7237862901156045,15,6.619440692399775,3.5,229,5,1885.2065290532278,2.419973712309458,14.243577045387319,146,3.084259411641953,1
BGW-46,7,1065.8828668969327,17.01820646014346,5.178831462697488,162.3711389268459,9288.542352482626,6.55251989975807,576.0014218300847,0.579784315087452,13,3.34255156632185,4.0,297,6,2716.508947766129,3.796854217433593,7.911329567198894,132,1.9326304263585008,1
BGW-47,1,1074.9564721487839,12.522935962549278,6.568864488827491,129.81030400144388,8164.501436314216,6.758946629418748,383.83727285549094,0.8092404473915735,3,7.123930669856388,3.5,138,0,3154.12850309426,2.494292417969479,5.048579905903646,34,1.4290720385362412,1
BGW-47,2,1074.9564721487839,12.522935962549278,6.568864488827491,129.81030400144388,14755.07463596209,8.911120108816327,553.2619088901303,0.6412760292693909,7,3.725079494781695,4.0,273,1,6062.850678229284,2.5375111349970174,3.864408731930393,93,1.6274413441187712,1
BGW-47,3,1074.9564721487839,12.522935962549278,6.568864488827491,129.81030400144388,8375.423880378137,6.22166190772759,358.87606535016886,0.6465625167035467,12,6.834005087702852,2.5,239,2,3864.2219698608747,2.108552908691022,5.525501632984106,111,1.9600600594405264,1
BGW-47,4,1074.9564721487839,12.522935962549278,6.568864488827491,129.81030400144388,10049.906121309392,10.141642182004901,525.4106367407433,0.581491851479603,15,7.612267531110261,3.5,269,3,4093.5251582401543,2.4758571870631063,9.991497913444292,167,3.2179881626000846,1
BGW-47,5,1074.9564721487839,12.522935962549278,6.568864488827491,129.81030400144388,8411.560661063362,11.834590845607538,576.4645807716672,0.7669621630906526,3,4.715928630463304,3.5,267,4,3481.8856665147564,2.4338124426669303,6.50350766535834,112,1.94685648291585,0
BGW-48,1,951.636390200471,22.354330410201744,6.342811215784939,144.55288876576876,12889.531529914817,10.221340010365804,568.4083962690086,0.7849989209120402,3,4.246045648377848,3.0,128,0,2785.885309910871,4.603931842970525,2.6399793735783685,0,0.3240982318374447,0
BGW-48,2,951.636390200471,22.354330410201744,6.342811215784939,144.55288876576876,12873.039513244958,4.194224728820135,262.49976933037874,0.6075878562074238,11,7.0076196217772155,3.5,204,1,3826.022133427897,3.3443493697021904,5.576647269456939,69,1.5881976639785482,0
BGW-48,3,951.636390200471,22.354330410201744,6.342811215784939,144.55288876576876,6487.5264190749585,5.56350884346081,465.6487237009294,0.5985719957419751,4,3.395104437807074,2.5,141,2,1949.578341347472,3.121343439860545,2.8478265626926587,0,0.39543550617064277,0
BGW-48,4,951.636390200471,22.354330410201744,6.342811215784939,144.55288876576876,13478.88041757065,11.150083904486657,303.579873118643,0.7153204633537924,12,2.1856563762461776,3.0,265,3,4479.595273879365,3.4007235394807007,2.4523280905588147,0,0.491058874565982,0
BGW-48,5,951.636390200471,22.354330410201744,6.342811215784939,144.55288876576876,5391.302432936079,7.00728135943232,497.24853945248447,0.7765775300374353,11,6.4096209540729605,3.0,159,4,1853.1066424791095,2.6756977713137324,5.94193072936522,6,1.0488277459683208,0
BGW-48,6,951.636390200471,22.354330410201744,6.342811215784939,144.55288876576876,14400.632546445046,11.365633009993823,616.9425320108307,0.7082019986048145,5,6.777105798770816,2.5,233,5,3283.9493824708547,4.517599279941665,4.9074977128937105,0,0.9941053792983761,0
BGW-49,1,1010.2740051590795,22.758017632182565,5.909267460044969,126.23527886904145,8314.213421824341,5.785312163583233,528.6025839354045,0.7402847437350351,15,5.13971259744014,4.0,228,0,4272.934096459205,2.1731620459001886,5.588998026660072,74,1.588756302303153,1
BGW-49,2,1010.2740051590795,22.758017632182565,5.909267460044969,126.23527886904145,12753.361177701387,8.981899235925464,318.6588355022695,0.7475087663855647,13,2.1529991816114595,3.0,267,1,4339.598602020894,2.866973737870318,2.3800187206441183,0,0.504043493765148,1
BGW-49,3,1010.2740051590795,22.758017632182565,5.909267460044969,126.23527886904145,14002.09516156778,3.4196128926303273,414.3440519874978,0.6811038486184833,12,3.771225455777265,3.0,194,2,3960.1505998584207,3.8652949090421163,3.0616069090816995,0,0.6853767739185603,0
BGW-50,1,1001.5628510617674,27.785926373267017,3.243863617860975,120.98930574073923,9301.818208208897,6.224349982341346,624.5871641519643,0.7452793737086361,15,3.6900596428244756,2.5,171,0,1447.8617891656638,5.919196630378763,4.5480069708657345,0,0.5644774305181118,0
BGW-50,2,1001.5628510617674,27.785926373267017,3.243863617860975,120.98930574073923,13390.297258418397,3.951737167557856,633.4868285527822,0.5589395207643276,13,3.8555867031289823,2.5,291,1,2136.400650488458,5.813485400134506,5.605589775366649,12,1.0382864359812538,0
BGW-50,3,1001.5628510617674,27.785926373267017,3.243863617860975,120.98930574073923,14983.518891985186,11.721776551249492,318.7982279452501,0.7840858246387827,7,4.16815921793017,4.0,220,2,1860.0319439553539,8.238470079569137,7.8024993094533075,8,1.0537545271165258,1
BGW-50,4,1001.5628510617674,27.785926373267017,3.243863617860975,120.98930574073923,7845.782686521463,6.898981014124803,622.720265190514,0.8134681174993972,12,4.301587285287654,4.0,280,3,1746.2133142755652,4.476535052385301,11.735679591652337,117,1.865792242963531,1
BGW-51,1,1060.3882215044453,23.049573255804752,6.853029630134888,129.20139044921237,8109.3198757101045,3.5143365393811425,283.08257803967524,0.6713882277159721,12,5.590678268338038,3.0,186,0,3143.3620935303948,2.530704436214256,5.370743453157845,94,1.941231151768244,0
BGW-51,2,1060.3882215044453,23.049573255804752,6.853029630134888,129.20139044921237,14084.820067732413,8.148475577453695,283.46394482921454,0.6158833300058214,3,7.221552324572362,3.0,226,1,3597.2436445149965,3.86897843932739,7.138405416299098,118,2.468632602487994,1
BGW-51,3,1060.3882215044453,23.049573255804752,6.853029630134888,129.20139044921237,6634.1272106993965,9.01097837424329,413.476590218959,0.5577875408409737,13,6.835395162766291,3.0,266,2,3141.231456258264,2.1214715418801795,10.313495754297056,180,3.041668306825513,1
BGW-52,1,1104.3133879949812,15.14343253379124,4.6837410226209535,175.97104286154325,10428.829710277274,3.162406404995134,259.68606568396734,0.6684461838217801,3,3.485580110345528,3.0,267,0,2956.718335251346,3.2799985077813165,4.826036490195869,26,1.101461304486573,0
BGW-52,2,1104.3133879949812,15.14343253379124,4.6837410226209535,175.97104286154325,8390.74565430533,7.764303311319818,431.7512870522098,0.7862662848736324,10,2.942262600639675,2.5,256,1,2831.7971968251704,2.8348877267040047,3.7764472219264547,0,0.7130301610850902,0
BGW-52,3,1104.3133879949812,15.14343253379124,4.6837410226209535,175.97104286154325,10438.77089503329,10.356073537520086,482.3754958418374,0.5958003012769897,14,4.26491574933059,3.0,145,2,1965.3164430366326,5.740081408965413,4.893629145161722,0,0.5511592104297995,1
BGW-52,4,1104.3133879949812,15.14343253379124,4.6837410226209535,175.97104286154325,5859.356469900506,7.21239310635711,384.3129293757712,0.6526852604706588,12,2.8674330056787,4.0,231,3,1890.7445971285865,2.7917562786931978,6.350391360237519,27,1.1466886040468933,1
BGW-53,1,959.671364732254,15.629495587838326,4.609929162751067,169.42017990388126,9509.474088257848,11.039632058488532,495.40956064502734,0.6694452604657236,13,3.1347291399553985,3.0,242,0,2867.811461723513,3.1464936225362186,3.737988432765155,57,1.3797525489545728,0
BGW-53,2,959.671364732254,15.629495587838326,4.609929162751067,169.42017990388126,14243.980321390956,8.196552253392834,356.1057403889262,0.7556692270587931,8,7.029183789719869,4.0,232,1,3108.788679363193,4.337228487335449,8.904976729656296,144,3.4685243092284535,1
BGW-53,3,959.671364732254,15.629495587838326,4.609929162751067,169.42017990388126,7496.495474251431,8.36331916436492,414.8938874732451,0.7417374938330239,4,4.989106222125148,3.5,147,2,1774.0594573681517,4.39322939093107,6.059245943681562,35,1.445314483215296,1
BGW-53,4,959.671364732254,15.629495587838326,4.609929162751067,169.42017990388126,7381.197248999162,6.778868598611712,557.1083878320528,0.7313100652990601,4,6.652183762937514,3.0,196,3,2132.542280892126,3.7708765004124953,8.457382245229661,101,2.463674829415025,0
BGW-53,5,959.671364732254,15.629495587838326,4.609929162751067,169.42017990388126,12498.690521243881,5.712150995980295,337.24633309161527,0.8073553064467731,11,5.3090077883560465,4.0,162,4,1976.1604763448777,6.038267225565089,6.836822962050413,67,1.855365432053093,1
BGW-53,6,959.671364732254,15.629495587838326,4.609929162751067,169.42017990388126,4686.017477592654,11.844019240925277,257.02221131889974,0.6201600652049952,6,3.9018115407657734,3.5,280,5,1864.0900036891358,2.608046272585317,9.68696404895208,161,2.7019898622492953,1
BGW-53,7,959.671364732254,15.629495587838326,4.609929162751067,169.42017990388126,8365.365776611356,8.422176260197944,559.7027427442538,0.5733348485823451,10,3.773783521872923,4.0,239,6,1968.1285088007223,4.501030349746604,8.395585089191325,118,2.317251762347917,1
BGW-54,1,997.9828886505279,22.748938491439326,4.9205739916574665,128.59007561326382,5876.409753998715,9.828702781014435,482.0549868175417,0.6916298998071443,4,2.650467252292815,2.5,210,0,2483.899215926937,2.7271759234979296,3.599284651629573,0,0.6879520962564118,0
BGW-54,2,997.9828886505279,22.748938491439326,4.9205739916574665,128.59007561326382,5047.173065922699,6.999376166894275,497.425432069488,0.7586317300783233,9,2.6970481411003746,3.5,178,1,1801.5970578482713,2.711347915740389,4.513356054926411,0,0.9008920077147234,0
BGW-54,3,997.9828886505279,22.748938491439326,4.9205739916574665,128.59007561326382,5602.534267036655,4.887652535387047,294.89544719027515,0.6204651232496879,3,4.23876057300686,3.5,261,2,1909.420444644692,2.8008073535644193,9.710978207409596,139,1.7914794572077506,0
BGW-55,1,1065.9505376544134,20.6877247947753,3.6492719179542794,125.83780913945729,6090.389597792649,11.15695380282507,575.966870627486,0.5878914573511627,8,6.595728211769767,4.0,196,0,1648.092372265967,3.7285474693080687,15.82683148108338,145,5.2385838063918,0
BGW-55,2,1065.9505376544134,20.6877247947753,3.6492719179542794,125.83780913945729,9911.975818178074,7.938003627276244,416.95456028085664,0.7425160136240216,12,7.042355597112648,3.0,128,1,1220.7798950338724,7.183474621855176,8.304800065607106,65,2.3007845932941757,0
BGW-55,3,1065.9505376544134,20.6877247947753,3.6492719179542794,125.83780913945729,14173.395699661356,7.471408903070972,425.13646403354767,0.8142893189898515,3,4.860299050015537,2.5,297,2,2034.4899870201646,6.105525814277542,7.514066605338715,178,2.7535414988263036,1
BGW-56,1,984.5775997970325,24.44523092268556,3.8967056621510783,179.23758032714395,6952.026803604014,10.784772197924395,588.1984615387956,0.6011850199215303,8,6.672423600462556,4.0,190,0,1625.2730215360293,3.9804207739665483,12.37485011203898,113,3.3517700847629395,1
BGW-56,2,984.5775997970325,24.44523092268556,3.8967056621510783,179.23758032714395,8053.4205844225235,9.065311640589558,333.957370945476,0.7806386381730341,5,3.6801377895764262,3.0,297,1,2013.038791880135,3.5340895510564656,6.618304158397906,141,2.081829092250362,0
BGW-56,3,984.5775997970325,24.44523092268556,3.8967056621510783,179.23758032714395,11293.46104304988,11.72900830128082,258.9238448561275,0.6720912766569567,9,2.29280396598687,3.5,240,2,1984.1755089518313,5.578865015434089,4.561633216373721,27,1.151161598147735,0
BGW-56,4,984.5775997970325,24.44523092268556,3.8967056621510783,179.23758032714395,8316.464082995684,5.931353798201011,328.01437869684247,0.707916083512132,6,3.5794731560446325,4.0,130,3,1244.3714492206043,7.302069102823839,6.59113532873698,13,1.1270297767900965,1
BGW-56,5,984.5775997970325,24.44523092268556,3.8967056621510783,179.23758032714395,7402.631743507571,7.812248304159104,530.9395148462843,0.7377378194614758,11,4.504740352776071,3.0,242,4,1485.2422787900275,4.533808362072686,8.700107483186356,118,2.200723917650701,0
BGW-56,6,984.5775997970325,24.44523092268556,3.8967056621510783,179.23758032714395,10396.534799990495,5.0927522235646325,424.60169395200273,0.6185913104636951,6,4.277067732208119,3.0,273,5,1767.9263885419916,5.953354517344181,8.898374259711607,142,2.231024808808711,1
BGW-56,7,984.5775997970325,24.44523092268556,3.8967056621510783,179.23758032714395,9860.782360738876,11.418409112525278,608.1653460038174,0.7018478858545572,12,7.4044267362186975,2.5,226,6,1391.5633836110428,6.882838583465114,11.983737940985655,113,2.5445268711229794,1
BGW-57,1,982.3843775328306,18.884150839700425,4.115908708295495,171.57652041028686,14052.685880807516,4.823027766420584,378.6157959992105,0.6435985417395368,4,2.35018950953977,2.5,274,0,2921.0047100630395,4.513991599963737,3.0601690807653728,0,0.5499358613320546,1
BGW-57,2,982.3843775328306,18.884150839700425,4.115908708295495,171.57652041028686,13974.02894943578,8.581690812131345,436.1718335938993,0.5602157467981207,4,7.106930555545709,2.5,234,1,2654.624000378348,5.5950795848947,6.828575696202181,39,1.2862268795568073,1
BGW-57,3,982.3843775328306,18.884150839700425,4.115908708295495,171.57652041028686,12440.081480634555,7.801412496231638,588.6873032228259,0.6889955087107678,15,6.700540740534592,4.0,292,2,2803.029015333444,4.389942272217833,12.57021439744715,158,2.68414564335829,1
BGW-57,4,982.3843775328306,18.884150839700425,4.115908708295495,171.57652041028686,9975.9495706602,6.13470728548429,566.6568796505821,0.6655454197805339,14,5.9984959572573935,4.0,164,3,1671.7626583185288,6.142359531883295,9.56206816500009,34,1.3247849876427502,0
BGW-58,1,1014.0849391905697,21.386361070355015,7.465526908013545,147.4004917131171,5101.902556437791,10.015593316081706,443.6356331800714,0.8011769436736794,8,3.292358881563956,4.0,243,0,3488.6960877721895,1.4413587809084831,4.889348600130897,148,2.580722807919316,1
BGW-58,2,1014.0849391905697,21.386361070355015,7.465526908013545,147.4004917131171,13156.571280881017,11.487524143847109,268.3294473636412,0.7160263804015957,13,6.878868757971544,3.0,282,1,4739.5560175444,2.8953809665716923,7.073417565656542,196,3.9087990056042208,1
BGW-58,3,1014.0849391905697,21.386361070355015,7.465526908013545,147.4004917131171,4543.939826593616,6.147649716740204,378.22535314086724,0.5900024101133595,14,6.028204834654552,4.0,198,2,2659.984972443057,1.792395033241082,10.73127742578499,155,4.450484945122134,0
BGW-58,4,1014.0849391905697,21.386361070355015,7.465526908013545,147.4004917131171,9366.431726480605,5.456818638610707,544.2522415331316,0.6746969391136844,5,4.6643458665024085,3.0,257,3,3370.3795783804235,2.7633904698176193,5.596923765103624,160,2.6205880751704367,1
BGW-59,1,1032.664369582782,26.38759301361027,5.75395877484768,131.85933750089583,14910.379557931761,10.811251538265713,353.0602858242423,0.565148437342202,9,6.461663447575775,4.0,132,0,2558.5059089327574,5.873174479504029,5.97670555349043,62,2.3303296767916044,1
BGW-59,2,1032.664369582782,26.38759301361027,5.75395877484768,131.85933750089583,4552.31686448325,7.3872217454680325,414.65241967172335,0.7031767450066926,12,2.4204895781344096,4.0,295,1,2871.5728836678086,1.6143232489705706,5.574263655740221,194,2.3743829915690466,1
BGW-59,3,1032.664369582782,26.38759301361027,5.75395877484768,131.85933750089583,8299.99278110283,11.73757422722296,611.6490016743187,0.7936509224880437,6,3.3845687067988246,3.5,163,2,2150.418404920328,3.8533938423299863,4.354129520379707,48,1.5843362343733662,0
BGW-59,4,1032.664369582782,26.38759301361027,5.75395877484768,131.85933750089583,7124.261429721762,8.848316696260781,305.7047832875045,0.6607453348024246,15,6.911642950954613,3.5,132,3,1562.3009367568586,4.440563859082171,9.116282680874534,80,2.9782580157135476,1
BGW-59,5,1032.664369582782,26.38759301361027,5.75395877484768,131.85933750089583,10736.561757599939,4.026863578115113,520.1088749089722,0.5684947677133027,7,7.597023125361911,4.0,177,4,2126.6394190391825,5.011511607702384,13.368604814563447,146,4.77557558511436,0
BGW-59,6,1032.664369582782,26.38759301361027,5.75395877484768,131.85933750089583,7418.557648509128,9.2315395971726,564.6992408751744,0.7975732684149297,14,3.2526979246859087,3.0,215,5,2046.556667055332,3.664315284768151,5.253085618487083,95,1.861262534422355,1
BGW-59,7,1032.664369582782,26.38759301361027,5.75395877484768,131.85933750089583,9868.565112820364,9.392570375831463,597.3525450237089,0.5660589940226658,8,3.719688832488926,2.5,267,6,2191.512609939513,4.40577870528791,5.695080946637366,133,1.9953106720667675,0
BGW-60,1,989.1740207191739,26.014372082204204,3.833745603868908,174.9862407315257,4235.082142465725,7.645723758658178,355.3257015141303,0.7729944439370696,14,6.535400117538429,3.0,249,0,2178.3147516540394,2.1463597246696065,10.717921751185907,87,1.6415704439168506,1
BGW-60,2,989.1740207191739,26.014372082204204,3.833745603868908,174.9862407315257,7407.497960175294,10.488766123037049,260.7175956116009,0.6992197353586801,11,5.403279994119432,3.0,142,1,1224.9201688321043,5.744321923141381,6.76820293191041,0,0.5327182476366538,0
BGW-60,3,989.1740207191739,26.014372082204204,3.833745603868908,174.9862407315257,11905.498131412758,11.604346903214491,337.7813336009318,0.7471462651456451,4,5.396128261788316,4.0,202,2,1855.6813804366127,6.860763750739553,9.311989005230878,0,0.9065171256836341,0
BGW-60,4,989.1740207191739,26.014372082204204,3.833745603868908,174.9862407315257,9200.268015298312,7.910949049465893,277.6369808525491,0.7521535079171257,6,5.852927156875344,2.5,151,3,1232.7163676089078,7.3308567342639215,6.769331476244279,0,0.4958906397386352,0
BGW-60,5,989.1740207191739,26.014372082204204,3.833745603868908,174.9862407315257,13188.062556845258,4.483339779564218,316.07896253482045,0.5899793306472939,6,7.9990552051178545,4.0,173,4,1399.879415537507,9.143299737502424,15.254001673130361,43,1.3693076732796636,1
BGW-61,1,1093.956567824654,24.706360741734073,6.768154908339588,167.6490415129732,9796.840374227824,4.1600378669281834,364.27349444149934,0.5844623759888132,10,6.474590776241819,3.5,286,0,4405.713157305458,2.335257871463763,8.929026360663515,204,3.2175238958667047,1
BGW-61,2,1093.956567824654,24.706360741734073,6.768154908339588,167.6490415129732,10648.783511757083,6.087905332454056,637.1082451200841,0.6436511309462036,4,7.118523323866599,3.5,196,1,3422.644781145625,3.4395315899954886,7.858488922316464,103,2.3900146260530937,1
BGW-61,3,1093.956567824654,24.706360741734073,6.768154908339588,167.6490415129732,7887.249407401024,9.790307678742595,511.67242955490957,0.7570233893708582,5,6.712914193094483,2.5,284,2,3641.060523082843,2.3253584921777803,7.308473612883026,154,2.339366763950749,1
BGW-61,4,1093.956567824654,24.706360741734073,6.768154908339588,167.6490415129732,10418.714133106352,6.85456620176795,457.8471466755409,0.6992666665472462,11,5.761938894396058,3.0,203,3,2739.6422631799906,3.654546917436118,6.03835735105766,78,1.749273164028878,1
BGW-61,5,1093.956567824654,24.706360741734073,6.768154908339588,167.6490415129732,9963.22565623124,4.3528037927248056,629.745850181759,0.7527990974729191,6,7.618319455830542,4.0,249,4,3062.726850752178,3.2923836630606824,14.330840558819176,183,3.7565232086915805,1
BGW-61,6,1093.956567824654,24.706360741734073,6.768154908339588,167.6490415129732,12172.162777596313,3.992588780557141,341.4723236167324,0.627661011286566,7,5.228041714941858,4.0,166,5,2141.3712399959627,5.4333548796959334,7.414798034981469,69,1.7512140035933796,1
BGW-61,7,1093.956567824654,24.706360741734073,6.768154908339588,167.6490415129732,8059.0151165402895,3.5644957558592543,330.39240380529617,0.7548762702710452,7,4.698491578139303,4.0,201,6,2190.9028794978303,3.7645268677861554,8.791359796576668,106,2.0774098248474573,1
BGW-62,1,1043.1428947627774,16.619376917680167,4.640623224326223,138.26495686749166,14706.718965066657,7.5741935193535745,619.7444265369936,0.5954889495411269,9,5.292084649752919,3.0,257,0,3572.537599785654,4.132044563746002,6.26311596776825,165,3.0826788209876566,0
BGW-62,2,1043.1428947627774,16.619376917680167,4.640623224326223,138.26495686749166,11234.94053687375,9.825388986813419,435.87861724134785,0.6816783748602657,7,4.598722037009292,2.5,195,1,2576.3259831624673,4.3608710938466695,4.568434403600952,78,1.8410362720639604,1
BGW-62,3,1043.1428947627774,16.619376917680167,4.640623224326223,138.26495686749166,8277.603569079443,10.2250755407904,453.76545565158983,0.7383147503489979,5,5.519138617638309,3.5,271,2,2652.115592638594,3.3175307245610894,11.72924480424733,195,4.141593205138275,1
BGW-62,4,1043.1428947627774,16.619376917680167,4.640623224326223,138.26495686749166,8242.931956276403,10.618101108979552,534.7291777887644,0.7257406890162479,8,6.066265999631682,3.5,179,3,1843.7436976184044,4.329263643336875,9.902525525854413,110,3.348829048416478,0
BGW-63,1,1126.9310717687108,13.67147203652662,3.849502609084924,151.93759429217636,4928.171223199631,5.762503963702406,354.6058315499572,0.6258493657663331,3,5.7481871250943595,4.0,237,0,1949.0378492143507,2.6970162761702605,18.047882871730835,168,3.632706094422778,1
BGW-63,2,1126.9310717687108,13.67147203652662,3.849502609084924,151.93759429217636,9098.708267243592,10.043027822559898,369.3949168160433,0.6936734294649073,9,2.924192931846023,3.5,202,1,2110.3085708639687,4.449800865756075,5.413236625515321,34,1.2298482750961848,1
BGW-63,3,1126.9310717687108,13.67147203652662,3.849502609084924,151.93759429217636,6201.975284007306,4.015355953299411,496.010794362881,0.6502367958667495,13,7.250506900101199,2.5,250,2,2137.0554728673114,3.2467230365088517,13.87813549070853,173,2.9001696188949886,1
BGW-63,4,1126.9310717687108,13.67147203652662,3.849502609084924,151.93759429217636,6664.039520661076,10.589967662006591,320.10466194114707,0.7924290439901125,3,5.393416852473502,3.0,170,3,1263.1934203713765,4.9528371755347615,9.775722364614579,56,1.6855659870609654,1
BGW-64,1,1101.6949689509447,13.216885856347329,4.959456327144604,128.34480167132233,12078.029357641735,7.385317737235867,551.1289174138035,0.7806080021519881,14,6.420161561041086,3.5,290,0,4908.955102166843,2.613253420848474,7.80552120421835,205,4.27763706731961,0
BGW-64,2,1101.6949689509447,13.216885856347329,4.959456327144604,128.34480167132233,12079.303431946413,7.440902498981037,376.9281847126081,0.7173032975992599,9,5.548367235118011,2.5,255,1,3677.3394890970603,3.068972845485614,4.849574959015895,124,2.3180278493683018,0
BGW-64,3,1101.6949689509447,13.216885856347329,4.959456327144604,128.34480167132233,8776.03421441311,6.639109571874476,289.20627721977365,0.6786375930833529,6,4.902339352406587,4.0,235,2,3273.704121671106,2.921536074980656,7.897662193308581,148,3.3293847160471444,1
BGW-64,4,1101.6949689509447,13.216885856347329,4.959456327144604,128.34480167132233,7772.710317525395,7.015675880335989,531.19435081099,0.7032516042035677,10,4.308394343612408,4.0,157,3,2164.1573873187263,3.664162797031831,6.141488215336479,62,1.8452773632994626,0
BGW-64,5,1101.6949689509447,13.216885856347329,4.959456327144604,128.34480167132233,13493.70576745572,8.776245110958417,581.0160418774742,0.6064832233067349,4,3.235789320404195,4.0,245,4,2886.427331691439,4.459136155982953,5.359835318584995,96,1.9585085824836812,1
BGW-64,6,1101.6949689509447,13.216885856347329,4.959456327144604,128.34480167132233,5286.862798638849,9.354826948775429,423.222258335042,0.6529892260795993,15,3.1281957580204995,4.0,187,5,1690.1048218257536,3.031349094998233,6.616075283827644,74,1.8964240686318885,1
BGW-64,7,1101.6949689509447,13.216885856347329,4.959456327144604,128.34480167132233,13561.44785099145,5.105129717052435,347.38248957905944,0.6635490262203337,11,7.032925904319171,3.0,179,6,2486.5643279656924,5.843673094739733,7.829413052813111,100,2.4113641831184256,0
BGW-65,1,1006.5824546167163,25.95410286998876,6.634956527437341,168.50712660277418,6288.247669355679,6.4747727415818,558.1698407776477,0.7730534346637875,7,5.776934607233811,2.5,230,0,3594.5620101695386,1.7287080116745608,4.218371797891019,71,1.5930447336258537,0
BGW-65,2,1006.5824546167163,25.95410286998876,6.634956527437341,168.50712660277418,5334.972383648539,7.0848873413761755,426.6179656800767,0.5968050140029912,8,3.6235662808625007,3.5,140,1,2084.5769226722286,2.5307244737942005,3.7759552942505703,0,0.8137220747589067,0
BGW-65,3,1006.5824546167163,25.95410286998876,6.634956527437341,168.50712660277418,9208.600961205124,6.023220029017406,411.28305954691405,0.7574536302304203,13,3.8185895547360764,3.0,176,2,2595.154142226223,3.2305725147949462,3.354724419912059,0,0.840066018574048,0
BGW-65,4,1006.5824546167163,25.95410286998876,6.634956527437341,168.50712660277418,10311.374489299884,5.08186676248379,338.59920486992564,0.8108640106502584,3,2.357658342155289,3.0,226,3,3029.451843918706,3.304668787463394,2.8499317700306213,0,0.6704837821012977,1
BGW-66,1,966.9296121129373,27.47164967548195,4.858500519586782,123.39989106852852,9570.432125548945,9.036533559598912,609.1600952539598,0.6941582792882691,9,2.1336378593060528,4.0,247,0,2793.310724933079,3.308314732445782,3.868981597905528,26,1.1056094985604448,1
BGW-66,2,966.9296121129373,27.47164967548195,4.858500519586782,123.39989106852852,5116.228263185554,8.27040625103856,473.0951224712026,0.6650058418090012,14,5.226292521837306,3.0,263,1,1981.815950687359,2.210362153104453,9.013425351771092,158,2.4102740535454346,1
BGW-66,3,966.9296121129373,27.47164967548195,4.858500519586782,123.39989106852852,6237.843981201897,6.490497570842888,555.5683104632108,0.7556346496772394,8,3.4478888787882056,3.0,270,2,2428.9558970233493,2.6398895847201382,5.916677401547721,108,1.5420383958198165,1
BGW-66,4,966.9296121129373,27.47164967548195,4.858500519586782,123.39989106852852,9606.903096546219,8.277253509745357,355.60495369313435,0.8171215085690426,4,7.264546030626566,3.5,290,3,2352.1832328879677,3.8838884217114105,15.86969955403768,196,3.660508128679815,0
BGW-67,1,979.3391043319847,18.400745705466015,3.151793763923732,147.8459913922245,13430.661536177857,9.972005434619959,495.76927549593216,0.6794790840912229,9,4.167735963824241,3.5,170,0,1720.0603121268796,7.420617875307431,5.826426881127278,45,1.5181454521121636,1
BGW-67,2,979.3391043319847,18.400745705466015,3.151793763923732,147.8459913922245,14469.894671174798,8.595305211445428,496.7851300569621,0.7165170061801687,14,5.1263825105814,2.5,295,1,2515.6743321043755,6.062490402262613,7.44314678559005,161,2.4053415350650433,1
BGW-67,3,979.3391043319847,18.400745705466015,3.151793763923732,147.8459913922245,13687.634617118889,11.687337802429719,305.2088184300495,0.7964698263953862,14,2.4912173306584533,3.0,270,2,2049.9497620834495,6.689911460179801,4.948515989131639,61,1.3078163595082815,1
BGW-67,4,979.3391043319847,18.400745705466015,3.151793763923732,147.8459913922245,11082.493061773977,10.848622943202962,385.75692481069615,0.6458958945130756,6,7.658829559793691,3.5,212,3,1556.5491881071387,7.361182092359024,17.02612925181539,134,3.870424835183059,1
BGW-67,5,979.3391043319847,18.400745705466015,3.151793763923732,147.8459913922245,10315.692764848116,7.154257061842528,589.0363415595269,0.6011351001654095,13,3.1127486480698208,2.5,221,4,1431.7329926905832,7.217770942884981,5.807410898498958,44,1.2552201190847445,1
BGW-67,6,979.3391043319847,18.400745705466015,3.151793763923732,147.8459913922245,10939.685138665289,3.0038007247279506,501.7483548017458,0.602103173354401,6,2.7432865675672318,3.5,276,5,1629.811526697843,7.027105180203278,8.124541326908867,140,1.8727152323802527,0
BGW-68,1,1010.9219812313385,21.609330880570425,6.6559201273487405,146.13251544795267,11466.227639642544,5.347236611083822,498.78719034768585,0.6391339919219666,14,2.50236173333718,3.5,186,0,4117.075320638115,2.9671579701589557,2.4109307224586005,0,0.5654526131483313,0
BGW-68,2,1010.9219812313385,21.609330880570425,6.6559201273487405,146.13251544795267,9074.824853869108,7.43911317495022,616.0293752935039,0.5738356919939281,15,6.938769561312437,3.5,263,1,3678.1673602685096,2.2124809974142634,7.636501191448551,137,2.4093703859281037,1
BGW-68,3,1010.9219812313385,21.609330880570425,6.6559201273487405,146.13251544795267,12359.04532106952,3.232897328534858,580.9645557379255,0.6043919054763257,10,6.902530772607142,3.0,141,2,2627.901335534357,4.22587605181788,4.499280887578589,7,1.051688833592717,0
BGW-68,4,1010.9219812313385,21.609330880570425,6.6559201273487405,146.13251544795267,9305.698050053426,11.98495830338691,609.8804833117866,0.5969917999864421,5,7.932214429642155,3.5,211,3,2980.1680150286966,3.1242665740500146,8.467172879510725,77,1.9412106310460127,0
BGW-69,1,1135.6195524042914,26.777223282598374,6.264916687759226,128.8983414976314,7695.176393680565,7.067847295874311,425.3919238391935,0.707319191706331,12,5.299395352758469,3.0,129,0,2305.605616599076,3.256152502136642,4.243325404067383,0,0.6873123109026196,0
BGW-69,2,1135.6195524042914,26.777223282598374,6.264916687759226,128.8983414976314,11938.611651433988,8.98162160216482,548.3385725648455,0.6023484359312303,15,6.108319509360588,3.0,240,1,4148.610749243495,3.0332027605430545,5.49394156811844,63,1.4964689116731573,1
BGW-69,3,1135.6195524042914,26.777223282598374,6.264916687759226,128.8983414976314,9391.07721046847,10.705840333938433,278.32091587444745,0.6072844181020077,10,6.824345452175176,3.0,212,2,3329.6016119577853,3.0722391264081557,6.642585244316673,53,1.5018033166392817,0
BGW-69,4,1135.6195524042914,26.777223282598374,6.264916687759226,128.8983414976314,6171.1771318062765,8.009689871784639,501.07910707810333,0.7352458435948659,11,4.566933402407033,4.0,229,3,2639.9577420358296,2.186882524729705,7.205945784151639,78,1.6961462582647793,1
BGW-70,1,1062.7381834720568,14.567254786965407,7.4480659313956075,147.3905396081041,12901.419948622148,7.486865789196707,442.3127155014229,0.6051528899564632,15,7.399929806505799,2.5,163,0,4172.119825548731,3.1024494933530486,3.8125359929772453,27,1.236946170031271,1
BGW-70,2,1062.7381834720568,14.567254786965407,7.4480659313956075,147.3905396081041,5548.447388483286,5.065007736033939,455.5609046327339,0.7611932026224791,11,7.810252557505989,4.0,285,1,4583.668946470398,1.315197600057461,14.613750436279046,220,3.9076143473966227,1
BGW-70,3,1062.7381834720568,14.567254786965407,7.4480659313956075,147.3905396081041,11728.232028283066,10.423827809890014,422.75915226964196,0.6253671281786808,6,7.6346902535906205,3.5,228,2,3973.684402469728,2.7919800743557825,7.787336429056991,117,2.484402237290297,0
BGW-70,4,1062.7381834720568,14.567254786965407,7.4480659313956075,147.3905396081041,14740.85409635733,6.49320804950167,471.00514745423334,0.5594663989771073,13,3.5588649615784034,3.5,190,3,3558.7005762576628,3.7934211148217942,3.3547211592131294,0,0.9646427972803313,0
BGW-70,5,1062.7381834720568,14.567254786965407,7.4480659313956075,147.3905396081041,4240.892432762799,5.0285117183426244,476.34688352179734,0.7033249019497321,13,6.496208260178651,2.5,139,4,1919.6268423618187,2.1283844603481867,5.6803176676356255,31,1.284954172077705,0
BGW-70,6,1062.7381834720568,14.567254786965407,7.4480659313956075,147.3905396081041,11996.317789967808,6.473930918507923,475.9907675092985,0.6048300159332968,15,3.276568507893798,3.0,277,5,3851.662829446244,3.1532678140545394,4.0291614715316255,36,1.1054952721955276,1
BGW-70,7,1062.7381834720568,14.567254786965407,7.4480659313956075,147.3905396081041,5233.313621869784,10.409919867817278,598.5369576002074,0.7274779511177776,11,3.5085877298503667,3.5,204,6,2367.0284050483638,2.245397664841944,5.4701357254718905,41,1.2419995982513363,0
BGW-71,1,1061.0259265340387,13.615493241485842,7.23723502614351,163.94717395730396,14886.356031339423,10.029368079040212,622.4051372609556,0.7752704410200708,5,5.367611730367515,3.5,224,0,5640.276404218685,2.6004196961486605,4.066961912587093,134,3.2881730903117368,0
BGW-71,2,1061.0259265340387,13.615493241485842,7.23723502614351,163.94717395730396,11723.872560067186,11.405996914599614,605.873334089835,0.6860302284775841,7,4.735963817220517,3.5,267,1,4510.579132726559,2.318208852443996,4.910436011626666,175,3.6173821639322394,1
BGW-71,3,1061.0259265340387,13.615493241485842,7.23723502614351,163.94717395730396,8475.202198283685,10.82707618798571,340.629089527313,0.65459082380468,9,2.837344464723299,2.5,298,2,4468.41050689415,1.9788575865383446,3.1544357485050853,146,1.7490067760177685,1
BGW-71,4,1061.0259265340387,13.615493241485842,7.23723502614351,163.94717395730396,9215.223601203175,9.401254098334519,649.8803464535122,0.704711755512655,5,4.649781056586538,3.5,208,3,3496.069989765299,2.6121486752974317,5.042096979458006,123,3.0283650252460137,1
BGW-71,5,1061.0259265340387,13.615493241485842,7.23723502614351,163.94717395730396,13677.805856168401,8.461141579267636,559.6540005610134,0.5961224339046398,8,2.457505284027467,4.0,235,4,4567.716558652114,3.3541993199459452,3.3083411903565576,104,1.9222728441906267,0
BGW-71,6,1061.0259265340387,13.615493241485842,7.23723502614351,163.94717395730396,9555.608304998463,7.630824986953767,273.7378246240758,0.7081395850293679,5,6.318689098556277,2.5,167,5,2724.1482778032146,3.504456687855321,4.8652226458165835,84,2.392805760865185,0
BGW-72,1,1040.9515716500657,15.605990550741023,5.336242919587185,139.85132913785895,11165.491616831607,4.177007993523438,625.768416833472,0.612675159030443,12,6.27504243537328,3.5,184,0,3006.1290222194593,3.470520728912725,6.255638863997242,125,3.0917528567071124,0
BGW-72,2,1040.9515716500657,15.605990550741023,5.336242919587185,139.85132913785895,10995.32188641452,10.87929317323781,518.205748383433,0.6765863888716899,12,2.20026666089739,3.0,274,1,3370.9112984717,2.9592348797906483,3.0395149938912964,57,1.2951504418388404,1
BGW-72,3,1040.9515716500657,15.605990550741023,5.336242919587185,139.85132913785895,4668.8079123854195,5.815478159592067,365.9767004329202,0.611055009714673,12,4.72327987786837,4.0,228,2,2327.3544665975596,1.9736309489738797,9.418643640600125,166,4.0076677421847124,1
BGW-72,4,1040.9515716500657,15.605990550741023,5.336242919587185,139.85132913785895,14633.228440833973,11.350300160082776,485.8985262625563,0.6350412591156969,10,6.857005989969643,3.5,146,3,2841.8819132710487,6.293427759411377,6.377774524087119,54,1.889872808779712,0
BGW-73,1,1022.797127671089,21.883212373882394,6.970631391309372,131.38346355097906,6359.043924864996,11.659717077843233,588.4540991969925,0.6846394748718528,7,3.650483989983633,4.0,223,0,3532.642130074115,1.801797868067158,4.585792817151157,119,2.695276350421131,1
BGW-73,2,1022.797127671089,21.883212373882394,6.970631391309372,131.38346355097906,7811.61304710291,9.370685688610923,454.56437811688096,0.7904266802804152,10,7.697965316186056,2.5,297,1,4193.356022150634,1.826666614012262,7.088313178089551,212,4.322757298507281,1
BGW-73,3,1022.797127671089,21.883212373882394,6.970631391309372,131.38346355097906,12932.077063897086,4.700100707389807,391.3803082039175,0.7117279961702718,3,5.442183985168899,3.0,166,2,3080.055713764571,4.25737840217193,4.23308577757679,70,1.8894527170181465,0
BGW-73,4,1022.797127671089,21.883212373882394,6.970631391309372,131.38346355097906,12539.494540174006,7.685901207838563,343.15287050768575,0.7175914200554722,14,4.315804638637895,2.5,144,3,2497.815266030999,4.808875904699933,3.0775602121934673,4,1.0317809804044824,1
BGW-73,5,1022.797127671089,21.883212373882394,6.970631391309372,131.38346355097906,14047.449392614202,5.0611382582222015,491.7998827712412,0.7525946455705135,11,2.1277360107542274,4.0,221,4,3690.5913688654873,3.972809248097433,3.0005049115789078,51,1.3331348105675813,0
BGW-74,1,1117.257378240952,14.70643077673508,4.496598081897345,172.4670108543149,13134.019707103223,6.769743541387933,284.1448690477416,0.7443233823185685,14,3.5521563012834454,3.5,273,0,3433.060686438365,4.197625676076508,5.993827410569973,143,2.000407070630258,1
BGW-74,2,1117.257378240952,14.70643077673508,4.496598081897345,172.4670108543149,7566.54293623553,8.091425622321498,301.3903071568215,0.7735739808770938,10,7.031759359003317,3.0,270,1,2640.00096974947,3.0936473207763795,13.605608069676984,195,3.6139323641545196,1
BGW-74,3,1117.257378240952,14.70643077673508,4.496598081897345,172.4670108543149,13251.590284671205,7.091270416552616,535.5020744316462,0.7051012153657534,4,5.550535060300528,3.5,276,2,2604.933445742677,4.947039789558617,10.993164657379305,179,3.078669977702838,1
BGW-74,4,1117.257378240952,14.70643077673508,4.496598081897345,172.4670108543149,12409.887801180186,9.152944538953996,339.02457126024444,0.7588142134968144,7,6.556432568942778,2.5,236,3,2137.3736249984463,5.398379884805952,8.654628864955079,124,2.343482435511069,1
BGW-75,1,1127.010200295657,22.97662697501652,7.215690893982165,169.3650857731517,10194.682046624692,3.255338475853737,320.97466382567575,0.8014846215027388,9,3.0834384504394166,3.5,262,0,4908.005131102809,1.947185927221997,3.0632937733668424,83,1.4963921827727509,1
BGW-75,2,1127.010200295657,22.97662697501652,7.215690893982165,169.3650857731517,13984.387981925478,3.1824558444256894,408.43236406312656,0.6071225435895476,6,2.2800946106994555,2.5,147,1,3348.1924180627566,4.197135198945581,1.9804000926110048,0,0.4053309713878596,0
BGW-75,3,1127.010200295657,22.97662697501652,7.215690893982165,169.3650857731517,8538.076921954125,6.1594040490120765,583.2563738993168,0.558639489201962,9,2.7740401545126456,4.0,127,2,2128.7590432776915,3.692086302445017,3.1903474517337993,0,0.6438084610060734,1
BGW-75,4,1127.010200295657,22.97662697501652,7.215690893982165,169.3650857731517,12933.05492909309,5.278528042944254,605.0037122572187,0.6303808274195294,9,3.389020749705065,3.5,213,3,3903.4816075160124,3.4355144810933025,3.4656958844486776,24,1.1520660639673639,1
BGW-75,5,1127.010200295657,22.97662697501652,7.215690893982165,169.3650857731517,8049.900467648903,11.923686892065323,411.13706116604976,0.6216022865842667,6,5.412646793344183,3.0,220,4,3059.925598818979,2.7547097413347537,5.528500966268328,65,1.6791796034374862,1
BGW-76,1,1010.8669562873202,27.41600628266879,5.659334229875277,154.44901607189013,7707.611136793369,11.83081975173586,348.5266739945231,0.6848933273942839,6,6.340806240893423,3.5,218,0,2433.192686511648,2.889449152041029,8.807701644612079,135,3.29323915414218,1
BGW-76,2,1010.8669562873202,27.41600628266879,5.659334229875277,154.44901607189013,4926.659277140407,10.552450399360932,336.5142206184885,0.6570176342463889,7,4.106579394579779,2.5,180,1,2012.7921260811095,2.517688321020123,4.612865964343433,53,1.4435294651772401,0
BGW-76,3,1010.8669562873202,27.41600628266879,5.659334229875277,154.44901607189013,14934.0595443283,7.192347732067633,437.8110412241857,0.5961011491832071,10,5.171027002778128,4.0,168,2,2485.988166950501,6.039532456057017,6.304058957669655,78,2.079312710864561,1
BGW-76,4,1010.8669562873202,27.41600628266879,5.659334229875277,154.44901607189013,6933.379198855586,3.184340761153345,595.6058412643117,0.7155257153007973,8,2.774756435132869,4.0,217,3,2224.3491992824866,3.131749882600345,5.421394857209704,103,1.7328510991953934,1
BGW-77,1,1111.6800285968475,12.677664109146464,3.4270036789671474,174.40392043014907,6090.257022409236,5.138185671593503,600.6566750201998,0.6816073115321273,8,5.22072242775519,2.5,236,0,2139.808629784963,3.0173296077638803,7.901796668028783,139,2.452333017893896,0
BGW-77,2,1111.6800285968475,12.677664109146464,3.4270036789671474,174.40392043014907,11443.964915718123,3.675673299197583,255.09119911582454,0.675796882982681,11,3.351142281368709,2.5,134,1,1606.7453493213989,6.6696959659526405,3.7416198887111216,0,0.8369734641759414,0
BGW-77,3,1111.6800285968475,12.677664109146464,3.4270036789671474,174.40392043014907,14334.746873093898,5.240827196714449,463.2725450639295,0.769075506176994,5,7.963098301437414,3.5,215,2,2278.0078329101934,6.027748028506267,13.015579465176284,154,3.868618630266017,1
BGW-77,4,1111.6800285968475,12.677664109146464,3.4270036789671474,174.40392043014907,10446.49981391389,6.138216331458917,499.4987980420055,0.7572834031452361,15,6.6105910537151225,4.0,203,3,1760.053648788985,5.77156423550902,15.251047345691411,147,3.848940257575443,0
BGW-78,1,996.4943325412119,24.685617080625825,6.78375769277592,136.1463518225653,9691.294557239573,6.2662751521326445,602.9888100321477,0.7565039251680296,5,5.884858742600503,2.5,246,0,4049.6079154345475,2.1078203466590035,3.6692138469116626,104,1.9957823573943558,0
BGW-78,2,996.4943325412119,24.685617080625825,6.78375769277592,136.1463518225653,8216.103771075495,8.568524325865198,351.25432469045677,0.6304322575223583,15,5.555031258254578,2.5,205,1,3235.339993836745,2.3791946896844167,3.7381086173750395,65,1.6409299189912796,1
BGW-78,3,996.4943325412119,24.685617080625825,6.78375769277592,136.1463518225653,14095.040213477585,10.642540595631942,466.7665306433552,0.7513547829563945,9,4.80569753766629,2.5,218,2,3918.3630608678272,3.444828735060871,3.02402453989039,21,1.1546916977621897,0
BGW-78,4,996.4943325412119,24.685617080625825,6.78375769277592,136.1463518225653,14611.174092142224,3.525000933024444,381.94086254604724,0.5511763687178369,10,2.5934426198479814,4.0,222,3,4075.764268373847,3.7512943317151635,3.00622925012096,48,1.301356198152231,1
BGW-79,1,1139.4432546217954,20.367564209050983,6.1259362927452194,172.70323092181667,4532.80583607984,5.831773754025195,623.1595683585665,0.6373726836655087,4,5.611695739435175,3.5,211,0,2474.9722267075335,1.7829851092213675,9.139399625471759,118,2.387525445800718,1
BGW-79,2,1139.4432546217954,20.367564209050983,6.1259362927452194,172.70323092181667,14901.10634968772,6.421509721454665,622.8749989166903,0.7081205674154527,11,6.125329211016634,2.5,137,1,2754.7296506037433,5.35861524148998,3.9207301891410795,0,0.850910188173965,0
BGW-79,3,1139.4432546217954,20.367564209050983,6.1259362927452194,172.70323092181667,9037.702799877086,11.63126908304852,314.2323582459124,0.8130257369300777,13,2.8018220762140364,4.0,165,2,2313.3287916765184,3.8315090811574684,4.143152524606934,0,0.8653527318791552,1
BGW-80,1,973.5240489032695,25.595320437895197,6.120659048919533,157.2529545446224,12617.53645211911,9.831876199413271,601.2988254716042,0.7728960091436888,11,6.3900230850384325,3.0,185,0,3350.3395203752125,3.620640182424483,4.3465879738904585,7,1.0529467899972245,1
BGW-80,2,973.5240489032695,25.595320437895197,6.120659048919533,157.2529545446224,10362.371945835745,4.4593922596687605,472.38787210951284,0.5837478173493479,9,4.005857883625941,4.0,180,1,2968.3483327444305,3.510177305987913,4.410428452923758,14,1.0906679937512205,1
BGW-80,3,973.5240489032695,25.595320437895197,6.120659048919533,157.2529545446224,12845.164364466147,11.923810838453809,430.0870907203205,0.7110332588001145,4,4.19379003127033,4.0,248,2,3805.2378766464813,3.730217132060692,5.178928477639143,46,1.3232450708436452,0
BGW-80,4,973.5240489032695,25.595320437895197,6.120659048919533,157.2529545446224,11601.251288165988,9.625887388285511,607.761409320693,0.6771023902695555,14,7.459421609567545,3.5,275,3,3283.888362080744,3.3058508896818384,9.35697594210322,141,2.520578383621977,1
BGW-81,1,1084.243481834465,24.819809232527657,7.241411024314685,128.9865936927528,7614.407390097131,10.573573897482627,327.694125967721,0.6334049066346166,5,7.3911020422999165,4.0,211,0,3241.8969860158513,2.1954668666392765,9.814266000164485,148,4.856864147452375,1
BGW-81,2,1084.243481834465,24.819809232527657,7.241411024314685,128.9865936927528,10307.078028336655,5.24257888458838,532.9114446298099,0.7313002906231115,3,5.9362600971695745,3.5,256,1,3628.8130413417102,2.5845010308831546,7.35358626115102,180,3.850694580741694,1
BGW-81,3,1084.243481834465,24.819809232527657,7.241411024314685,128.9865936927528,5853.785442743752,3.0054839407425264,377.4792804390874,0.6587990440248132,7,6.562090237655263,2.5,171,2,2457.3913929427954,2.2968610050036506,5.904493739234862,110,2.5903655483619503,1
BGW-81,4,1084.243481834465,24.819809232527657,7.241411024314685,128.9865936927528,6977.008637227806,5.904688442892642,320.6834584731026,0.5504869014341195,3,3.677161376392741,2.5,232,3,2799.452754182008,2.5510015130351333,4.407483674135852,96,1.7653152569653432,0
BGW-81,5,1084.243481834465,24.819809232527657,7.241411024314685,128.9865936927528,10558.027345297181,5.4163905442867915,587.9986467250357,0.8053024865741396,6,5.86554560114867,2.5,283,4,4145.953857379782,2.8356285668844565,6.05709970983537,177,2.9178606387325496,1
BGW-81,6,1084.243481834465,24.819809232527657,7.241411024314685,128.9865936927528,12848.551157572207,7.250171230927215,631.2667316176522,0.585580660042145,3,7.7332189418387625,3.0,203,5,2556.7218655440915,4.833148088291384,8.692146063497013,123,3.186197419686653,1
BGW-82,1,1048.2412900068248,24.599766461312896,5.19728418470627,168.6398459189112,6207.718155041821,9.616694161670814,371.2905353408705,0.7446776606115384,4,3.196223093130995,3.5,225,0,2437.2632881416594,2.5050905935172088,4.978201036121287,23,1.1304520788414525,0
BGW-82,2,1048.2412900068248,24.599766461312896,5.19728418470627,168.6398459189112,5804.409658880517,3.0056411060139565,434.5294142746616,0.6806141845560909,15,6.6032322414216225,3.0,139,1,1638.4078162252633,3.424667923250937,7.659361363185937,48,1.475959181510684,1
BGW-82,3,1048.2412900068248,24.599766461312896,5.19728418470627,168.6398459189112,12795.11396596344,6.217135422324311,643.4537634191146,0.8091309503537087,10,7.416293851218346,3.0,130,2,1819.8401185000744,6.539326458042878,6.33691578015856,0,0.962689664673125,0
BGW-83,1,1041.286907757502,18.85735954359916,3.2955539232042828,123.82270272709857,14513.936930597813,6.653672396667211,386.1199839174788,0.5554685082802155,11,7.5073224187901495,3.0,228,0,2475.8756999755306,5.8597430706626294,8.889876600793277,84,1.7863001660376296,1
BGW-83,2,1041.286907757502,18.85735954359916,3.2955539232042828,123.82270272709857,4927.928270560782,7.823907897502357,483.31854305799243,0.6808752444378493,12,2.0531771370656244,3.0,210,1,1725.751551539947,3.077945278097824,4.34702707188417,0,0.5920201734212698,0
BGW-83,3,1041.286907757502,18.85735954359916,3.2955539232042828,123.82270272709857,8367.364421365712,10.274431305999219,568.4069437346633,0.7233292510452305,14,3.3452098683339146,3.5,254,2,1864.1640323514955,4.2292354311452955,6.6612141307550585,28,1.1591533672491192,0
BGW-83,4,1041.286907757502,18.85735954359916,3.2955539232042828,123.82270272709857,6867.8505872221685,9.31772755274862,626.5119815495711,0.6438874981959907,3,5.551221526942401,3.5,208,3,1384.4744828981984,4.999622588121043,11.924832802935864,57,1.5620491144788546,1
BGW-83,5,1041.286907757502,18.85735954359916,3.2955539232042828,123.82270272709857,4911.548952530137,4.148871499024394,260.2168286171195,0.8171333761404098,4,6.028514652386872,3.0,196,4,1098.9816735598483,4.102404316055361,12.62674357356768,72,1.6628607407916598,1
BGW-84,1,1032.8712704353752,17.461850195811273,6.21459883607788,137.5579867155645,10396.997355793104,10.81470338297525,499.3961859729693,0.7431189711810787,9,4.82626925231079,3.0,259,0,5065.681612680447,2.2252772014502114,3.878410000583844,68,1.4657089194874524,0
BGW-84,2,1032.8712704353752,17.461850195811273,6.21459883607788,137.5579867155645,6250.1689258512615,5.959313209478233,420.4994055821883,0.6191131739445468,6,5.174509504862041,2.5,162,1,2715.4548105634476,2.369893662533859,3.77254979633053,0,0.9530896640086688,1
BGW-84,3,1032.8712704353752,17.461850195811273,6.21459883607788,137.5579867155645,6406.038991743837,6.243645321530261,380.6241610114131,0.7910919756108203,9,4.305655792748858,3.0,160,2,2485.323963406208,2.484961502689146,3.7809113267049312,0,0.9025474187147768,1
BGW-84,4,1032.8712704353752,17.461850195811273,6.21459883607788,137.5579867155645,10050.883655535148,4.299770228027823,267.831525187157,0.6480431981419416,10,2.8250242119101907,3.5,141,3,2562.7327047536332,3.9870307222647576,2.9163829763835345,0,0.5842314222166465,0
BGW-84,5,1032.8712704353752,17.461850195811273,6.21459883607788,137.5579867155645,6024.623003837392,4.43749907589757,624.2427815563229,0.6680394150351329,15,3.3425336663602363,2.5,272,4,3315.5264206008933,1.9933069838858035,3.964454846641203,26,1.0819084354397206,1
BGW-85,1,974.1398201896693,12.516463017371555,4.608209707053961,128.92327134022923,14421.463829561295,10.88492733847201,251.29696294133126,0.6207954168774283,5,6.580587196580765,3.0,151,0,2825.9641938242803,4.958343178067416,4.076758702507477,25,1.2870130003998224,0
BGW-85,2,974.1398201896693,12.516463017371555,4.608209707053961,128.92327134022923,8949.858695940398,6.705213416997022,342.3349374253092,0.7199956705108117,4,6.189734648724911,3.0,206,1,3065.586729990435,3.136112474763278,5.609691571473413,100,2.2939960956056513,1
BGW-85,3,974.1398201896693,12.516463017371555,4.608209707053961,128.92327134022923,6589.924412786248,10.744187256903988,295.85316835229935,0.7141554362987185,8,3.7347694260790885,3.0,242,2,2870.954951888098,2.5047618402095986,4.591186309852228,89,1.787994431155184,1
BGW-85,4,974.1398201896693,12.516463017371555,4.608209707053961,128.92327134022923,12051.754171060824,10.558806789373357,371.1811502855216,0.7037808439331459,4,2.243427652187047,4.0,253,3,2881.9276258308396,3.960348643518931,3.529099952057401,39,1.242565588742066,0
BGW-85,5,974.1398201896693,12.516463017371555,4.608209707053961,128.92327134022923,8457.775715903372,8.749712219268222,397.96807069544775,0.7080747022638013,6,3.9311464975997614,3.0,224,4,2332.597988561145,3.529960412865701,4.760427855948571,69,1.6043771679442707,1
BGW-85,6,974.1398201896693,12.516463017371555,4.608209707053961,128.92327134022923,9927.85379121105,11.108648878706994,545.8035988509773,0.5785296697265243,13,4.00675894367161,3.5,299,5,2621.252755351431,3.667861642880531,6.724278158556631,158,2.540155814039197,1
BGW-86,1,952.3830169462555,17.038766594063603,5.647113671879817,179.108191589363,11214.573863691985,3.783128811975293,388.0339850624463,0.5525365012552562,15,6.720145243099589,2.5,218,0,3280.9296426759174,3.2257842974853017,4.793719235844948,55,1.3414670045188675,0
BGW-86,2,952.3830169462555,17.038766594063603,5.647113671879817,179.108191589363,11754.894283492198,10.020178088687903,617.6164731854542,0.5614522207656949,5,3.146418811050122,3.5,149,1,2365.7450748220485,4.812511697713462,3.08567207202933,0,0.4378353827367228,0
BGW-86,3,952.3830169462555,17.038766594063603,5.647113671879817,179.108191589363,4285.057830171826,10.04453025153585,260.30806444418255,0.6363441478272593,13,6.461793172536332,4.0,216,2,2309.3833757671923,1.8921015977473865,11.22349654764581,111,2.3980420864210554,1
BGW-86,4,952.3830169462555,17.038766594063603,5.647113671879817,179.108191589363,10429.063292259782,3.76175683893961,469.15628359655074,0.813173375208116,13,5.097911270003699,2.5,163,3,2498.092357975147,4.23491686862786,3.7949425529963925,0,0.7161229688739612,0
BGW-87,1,990.5905989591294,14.621545218951775,7.857234614706789,170.73733050948476,6807.632155579477,11.584272748244084,343.7257330373602,0.6978637215538473,8,2.3133913595813795,3.0,288,0,5732.385497762533,1.2651256929235526,2.3471157707956603,0,0.7514791453309383,1
BGW-87,2,990.5905989591294,14.621545218951775,7.857234614706789,170.73733050948476,13450.47674669224,10.38243567713472,382.6194664825495,0.6147929677281052,7,4.4864176363890955,3.5,276,1,5586.368861879197,2.2182730126131727,3.542453766463151,62,1.3756916008924145,1
BGW-87,3,990.5905989591294,14.621545218951775,7.857234614706789,170.73733050948476,14097.229085057772,11.025097422159918,574.1338407702085,0.7051951759121555,10,5.569487950436173,2.5,294,2,5347.01531398555,2.293382984345137,3.356860131730858,52,1.2668227869901696,0
BGW-87,4,990.5905989591294,14.621545218951775,7.857234614706789,170.73733050948476,5167.587522146842,4.752335468119113,366.15535233404563,0.6349644488757994,15,5.368056159941856,3.0,153,3,2512.5881328673286,1.9584190125381409,4.326987158579418,10,1.0714722754411652,0
BGW-87,5,990.5905989591294,14.621545218951775,7.857234614706789,170.73733050948476,10860.03525480205,3.7302379723855563,636.9712449918554,0.615501023673152,13,6.347772145660999,4.0,142,4,3149.2714008972653,3.4671111068236917,5.181842558714844,30,1.2838549963318924,0
BGW-87,6,990.5905989591294,14.621545218951775,7.857234614706789,170.73733050948476,7534.171527462905,7.872246905376637,565.457675058399,0.7790538769545472,14,2.9029849679868587,3.5,225,5,3352.3997380103006,2.18278528538131,3.3524290474170333,0,0.8385493694855503,1
BGW-87,7,990.5905989591294,14.621545218951775,7.857234614706789,170.73733050948476,7231.487877980109,7.075308882233331,282.7752892070452,0.6956869597998003,8,7.1060556382940305,3.5,212,6,3400.543586430414,2.4294581990092516,8.074401951656869,89,1.983134170371046,1
BGW-88,1,989.9471450550633,15.734145031173789,4.8850299415688765,175.8654120365347,13630.600846678575,3.4324978603082617,277.579432971157,0.7177321747949114,8,2.7153549296850468,2.5,260,0,3966.189124914882,3.5406032783924446,2.7963942018883032,0,0.819507866107368,0
BGW-88,2,989.9471450550633,15.734145031173789,4.8850299415688765,175.8654120365347,4957.275789101499,11.213478147569303,627.7893563148879,0.7952443511433844,6,2.9834716566811457,4.0,198,1,2351.206365756895,2.3178384878201665,5.015981356884426,30,1.2333962612079294,0
BGW-88,3,989.9471450550633,15.734145031173789,4.8850299415688765,175.8654120365347,4581.460032575701,7.1164048675496545,628.6620217001546,0.7005297084335144,6,7.562560025468587,3.5,207,2,2102.8176035725855,2.275452023695383,12.739338894663017,125,3.111794007960495,1
BGW-89,1,985.374793304583,19.044148347591356,3.2996473180780312,166.03395738225706,7054.471993429061,11.368781004513682,493.06438661680716,0.7903460596219332,8,6.113557378417559,3.0,232,0,1880.116934137824,3.6812119242591743,9.058803474775976,111,2.531432783372138,1
BGW-89,2,985.374793304583,19.044148347591356,3.2996473180780312,166.03395738225706,9798.912519441288,5.342528735295346,359.5643792955833,0.7102169010793522,9,5.77251807170772,2.5,208,1,1847.4095925349745,5.343706794414569,6.863307391521084,79,1.7693021258975283,0
BGW-89,3,985.374793304583,19.044148347591356,3.2996473180780312,166.03395738225706,10923.521791196301,6.368697832950453,419.1812072394207,0.7145292147703676,8,3.9431915209150223,4.0,206,2,1639.2881124981566,6.264446451236615,7.56410349963159,75,1.7747653243431705,1
BGW-89,4,985.374793304583,19.044148347591356,3.2996473180780312,166.03395738225706,11550.278474700332,3.3723114765361095,584.2292228544702,0.7693161438289193,8,7.94237001053689,3.0,172,3,1628.40471327764,7.544604101650874,10.927444248389994,107,2.3767806131480462,1
BGW-89,5,985.374793304583,19.044148347591356,3.2996473180780312,166.03395738225706,4487.1630337565475,7.147370978209152,538.7263094353068,0.6188679920782498,12,7.012447458075735,4.0,267,4,1491.2987899461493,3.19309750378779,26.187139456192707,209,5.594248593430251,1
BGW-89,6,985.374793304583,19.044148347591356,3.2996473180780312,166.03395738225706,7991.59178402972,4.558654966749667,464.26299647878034,0.6828277600095466,8,5.910279931140978,2.5,134,5,863.1267742138195,8.643832091469008,8.37643040385385,19,1.1818864517239298,0
BGW-89,7,985.374793304583,19.044148347591356,3.2996473180780312,166.03395738225706,6954.140213115665,8.424869987050705,412.25690980625166,0.650234248519169,9,2.0718915342813284,3.5,243,6,1258.9419614531275,5.502683495135426,6.488166729742459,25,1.136649379930741,0
BGW-90,1,995.3622216046277,24.755373618577202,7.509811636388514,151.49285963775372,7618.945093978164,3.8536580192906094,261.44325441816113,0.6995452798811139,11,6.261274114746554,3.5,153,0,3205.5503338070976,2.340302954704875,4.795531820291993,70,1.882114496822033,0
BGW-90,2,995.3622216046277,24.755373618577202,7.509811636388514,151.49285963775372,13493.001301562914,4.21753911003161,612.1455877989197,0.635653163568947,12,2.182617804089961,3.5,209,1,4801.25415540213,2.9608880563073687,2.2000057076905977,0,0.771208571721908,0
BGW-90,3,995.3622216046277,24.755373618577202,7.509811636388514,151.49285963775372,11527.429226348628,5.2525823138015095,432.9739768059686,0.5767351403064083,8,4.404697502583511,3.5,190,2,3838.1083976654686,3.1561887989664172,3.7884552160380127,49,1.426908770540752,0
BGW-90,4,995.3622216046277,24.755373618577202,7.509811636388514,151.49285963775372,4133.684098983064,7.98098926031258,307.1849432461322,0.7361511138490551,15,7.768409086258821,3.0,255,3,2728.635193797205,1.330244970247537,9.873335297818826,174,3.6723314744194666,1
BGW-90,5,995.3622216046277,24.755373618577202,7.509811636388514,151.49285963775372,6790.874121655851,8.886938584188384,605.6031805711182,0.630836614667329,6,3.3976606506600397,3.0,225,4,3066.033603172084,2.289219802646834,3.7940011754799574,37,1.233467634596436,0
BGW-90,6,995.3622216046277,24.755373618577202,7.509811636388514,151.49285963775372,4721.2215642783,8.84781057357302,634.8688220405008,0.7727189436456487,5,6.837343028550268,4.0,194,5,2186.345436007071,2.0723200127587478,10.524860896131502,109,3.007785161614852,1
BGW-91,1,1059.989206319358,23.661488407966647,7.291240680198821,129.51613370358118,7444.081787095237,7.965934326013995,390.0451999483518,0.8069080410673294,7,2.874277983719167,3.0,176,0,3656.3244633644576,2.0813888791517714,2.413155985724307,0,0.5831046245544547,0
BGW-91,2,1059.989206319358,23.661488407966647,7.291240680198821,129.51613370358118,12895.756890139412,8.486401269564197,335.9380721319209,0.8113489675882939,15,6.741862773403799,3.0,155,1,3295.900806357108,3.6340205639238237,3.8580739846191325,0,0.9781338948638287,1
BGW-91,3,1059.989206319358,23.661488407966647,7.291240680198821,129.51613370358118,6237.019307377341,9.80142816065796,273.4139422016025,0.7956414971486553,6,3.51612103749543,3.5,177,2,2907.9328948049647,2.179442063208427,3.561266912240385,0,0.8662535339814841,0
BGW-92,1,951.6981388959994,24.423412146557325,7.491811750461735,145.33935777335736,5325.499645548751,6.538828063180993,587.2629768071424,0.6087162893713298,14,4.852065888607436,2.5,251,0,4146.649624849187,1.2684860839092151,3.4428610873950016,106,1.84260030808624,1
BGW-92,2,951.6981388959994,24.423412146557325,7.491811750461735,145.33935777335736,13137.427909328728,7.124659319428977,542.9498087668658,0.7809548137763039,13,2.987031839248063,3.0,148,1,3506.600710064403,3.634983770744324,2.0594415371663226,0,0.5154768338725076,0
BGW-92,3,951.6981388959994,24.423412146557325,7.491811750461735,145.33935777335736,6733.513101228365,6.308625367991837,443.6327361070145,0.7711181346502851,15,2.352538741726403,2.5,121,2,2323.7684139117237,2.9588795859651764,2.03770079957794,0,0.3516252213730377,0
BGW-92,4,951.6981388959994,24.423412146557325,7.491811750461735,145.33935777335736,12735.328538084055,5.97466492578299,596.7838809423978,0.558526220365612,10,5.309023662902107,3.5,124,3,2539.827283165716,4.880000476206449,3.6221046053391874,0,0.9547156390252345,0
BGW-92,5,951.6981388959994,24.423412146557325,7.491811750461735,145.33935777335736,14391.536318865563,8.555074232477013,253.9276280009008,0.8064940241308386,7,7.081390457688457,3.5,266,4,4517.99572489524,3.2415514666339864,6.200950733683385,144,2.8331281789156724,1
BGW-92,6,951.6981388959994,24.423412146557325,7.491811750461735,145.33935777335736,14728.123833230735,9.957822509086398,631.8912762266343,0.6939966280035474,3,4.402026227574739,3.0,296,5,4489.173133588329,3.5823576523378837,4.104743074291022,93,1.6694526028650452,1
BGW-92,7,951.6981388959994,24.423412146557325,7.491811750461735,145.33935777335736,9102.81611846123,8.523205032548178,533.9099473767158,0.5538422710533715,8,5.0916215657747514,4.0,130,6,1971.1176287185308,4.838040110225403,5.257550397337433,10,1.0981995104179796,0
BGW-93,1,966.9529644201926,21.05863952369404,4.400685877068204,156.05606308075966,9445.227966000253,6.51410082615004,634.330205658223,0.7587992514890306,12,4.476686457735869,3.0,194,0,2809.6959655878763,3.920422139821873,4.5865394027662525,42,1.3502407527670892,1
BGW-93,2,966.9529644201926,21.05863952369404,4.400685877068204,156.05606308075966,12075.586421631828,8.793060470230284,490.3571504140347,0.5980796001384013,13,6.373865046785208,4.0,217,1,2418.6153368721766,4.858813465391418,8.986891185045598,119,2.7278368658762764,1
BGW-93,3,966.9529644201926,21.05863952369404,4.400685877068204,156.05606308075966,12856.431145254195,3.485573787078963,558.9365432875506,0.8100234096025286,12,3.3856062308361157,4.0,140,2,1746.4328813485347,6.813991775467339,4.296996896582198,0,0.9648283939623917,0
BGW-93,4,966.9529644201926,21.05863952369404,4.400685877068204,156.05606308075966,10779.162153672562,6.9840807777813945,294.07946023247735,0.701830589555125,3,2.208582381594127,4.0,188,3,1921.6618740633055,6.112780517592008,4.231780857804645,0,0.8009764822340549,0
BGW-93,5,966.9529644201926,21.05863952369404,4.400685877068204,156.05606308075966,8492.324154810329,3.9578430333660495,361.6619705516179,0.8038530357426028,13,2.5806307090217517,3.5,131,4,1189.1936926226917,6.461056669536142,4.113554055078713,0,0.667242197651864,0
BGW-93,6,966.9529644201926,21.05863952369404,4.400685877068204,156.05606308075966,13603.089320706757,11.663844817150043,351.9601755214081,0.6902125123837011,10,2.335531804040918,4.0,224,5,1973.4002248642882,6.899771877830958,4.612118742648007,0,0.9414874057439959,1
BGW-94,1,971.4617366147702,15.129327957153798,3.5917709361327668,125.03954580394868,5606.235077984694,10.895524390846827,352.85872952919436,0.648326618435551,7,2.3313214016111425,3.0,274,0,2239.4825654946912,2.4906811422050326,4.4493474279997445,0,0.9106048957538639,1
BGW-94,2,971.4617366147702,15.129327957153798,3.5917709361327668,125.03954580394868,9137.319532808977,8.523931600873674,476.9517227472772,0.6518872638473727,12,3.289442618132084,2.5,249,1,2308.570392400107,3.8734058276503567,4.33698981575529,0,0.8816356018918883,1
BGW-94,3,971.4617366147702,15.129327957153798,3.5917709361327668,125.03954580394868,4515.667542179209,6.358387647472087,348.8605222206842,0.575338662324401,3,4.7723054115167,2.5,211,2,1518.7694268378195,3.1403477686745216,7.751377997771207,48,1.3189966620232692,0
BGW-94,4,971.4617366147702,15.129327957153798,3.5917709361327668,125.03954580394868,5641.662186687822,7.279639756920529,481.72492627191684,0.7106332876242655,5,5.278016119393817,3.5,124,3,1040.8809586752939,5.298813023303844,8.337536869264651,0,0.9564425186847483,0
BGW-94,5,971.4617366147702,15.129327957153798,3.5917709361327668,125.03954580394868,7135.365036390762,6.697176393701061,453.4559175241621,0.6500588300034899,8,3.9780468933534125,4.0,256,4,1699.2494021997745,3.9934350110850803,10.180792344173467,109,1.8763836886180318,0
BGW-94,6,971.4617366147702,15.129327957153798,3.5917709361327668,125.03954580394868,10079.619502170917,6.719486698361244,617.2222361701519,0.7959077250267748,13,2.3002994722232666,2.5,120,5,1160.219244243797,8.60904953756669,3.401931291751871,0,0.24641831564895747,1
BGW-94,7,971.4617366147702,15.129327957153798,3.5917709361327668,125.03954580394868,6344.862509912584,10.394073895159085,345.2850646949091,0.769402216866189,11,4.834584243422652,3.5,122,6,988.4269880905066,7.192223291739041,8.808541183453674,0,0.7867783586420923,0
BGW-95,1,961.7244786158914,12.97063363525923,7.190451121876627,173.80378427706364,13452.38780974362,6.5924123200128,631.9645203852646,0.5974405371532985,15,5.024467950649448,3.5,155,0,4239.065106750477,3.155743646381562,3.0881430295972283,72,2.0265921847079498,0
BGW-95,2,961.7244786158914,12.97063363525923,7.190451121876627,173.80378427706364,6941.880111101996,5.553148190306116,388.17742409534213,0.6906327790530674,9,4.751119917645656,3.0,286,1,4235.664578033347,1.5419860010764697,4.585070724247661,203,3.3338116026503224,1
BGW-95,3,961.7244786158914,12.97063363525923,7.190451121876627,173.80378427706364,5640.7179049859005,10.695162882332408,626.5061210272024,0.6035325466708309,4,3.7228860757988973,4.0,201,2,2839.026365322686,1.8986882993089274,4.605903428452736,109,2.7036624146110726,1
BGW-95,4,961.7244786158914,12.97063363525923,7.190451121876627,173.80378427706364,4181.246033233522,7.949654582260683,266.9962743980268,0.7453857254485587,15,6.781842804495541,3.5,232,3,2967.1469710415536,1.4445359360038177,9.673627965505844,188,5.319571060137435,1
BGW-95,5,961.7244786158914,12.97063363525923,7.190451121876627,173.80378427706364,13410.93955314201,10.54325783322439,264.86724295734246,0.625181672113899,4,7.790415580642451,3.0,160,4,2997.4097134531344,4.379470119660571,5.070667244753295,78,2.4852626205675663,1
BGW-95,6,961.7244786158914,12.97063363525923,7.190451121876627,173.80378427706364,14423.538423878115,6.101644630496828,590.3881674940819,0.6458409798694317,5,5.091598856022063,3.5,297,5,4018.0450007145664,3.242977516255012,5.725786274993234,208,3.753639836529436,1
BGW-96,1,1127.0290470076145,13.137002318592742,4.367131804271753,151.07081520372398,7310.276815324853,4.851122645063223,275.39239106217946,0.6671121293266629,5,3.5371046951998775,3.5,135,0,1726.2500289359073,4.244689043086453,5.136638302803899,33,1.3452036945369186,0
BGW-96,2,1127.0290470076145,13.137002318592742,4.367131804271753,151.07081520372398,7153.564025350815,8.95970102841887,472.2892594110929,0.7812572109404743,12,7.7591400165647855,3.0,203,1,1984.6338367163537,3.4123740701165537,12.630534655376687,138,3.553134359537372,0
BGW-96,3,1127.0290470076145,13.137002318592742,4.367131804271753,151.07081520372398,13361.077547948838,3.2942435891385906,442.7252323710406,0.5839199421841957,15,2.3740481586349524,3.5,266,2,2577.427201039226,4.957626065196384,4.868874462263068,106,1.4344751018510271,1
BGW-96,4,1127.0290470076145,13.137002318592742,4.367131804271753,151.07081520372398,7904.999504509264,3.96880515891284,575.6344076870462,0.7752402313879578,15,4.0879177026186815,4.0,249,3,2148.9190613574438,3.712882810430651,10.858349832136549,177,2.8493493032566195,1
BGW-96,5,1127.0290470076145,13.137002318592742,4.367131804271753,151.07081520372398,8963.006196567267,5.1225957994461595,338.37730402431106,0.6081947197808835,3,6.662906731642353,2.5,122,4,1226.9735708836959,7.265002422527436,7.875641295819536,38,1.5120015733713408,0
BGW-96,6,1127.0290470076145,13.137002318592742,4.367131804271753,151.07081520372398,12701.192781480264,7.373126451212965,462.36947327044334,0.7860974348120121,13,5.749500234086017,2.5,226,5,2159.410783588692,6.149267856509266,8.184507305850692,115,2.1318281561393464,1
BGW-96,7,1127.0290470076145,13.137002318592742,4.367131804271753,151.07081520372398,4096.200197525718,3.2598240216873635,346.9015291353574,0.6154532574425766,13,5.987508656360071,3.5,267,6,1516.9825302976742,2.9358638274061657,25.837417588766627,230,4.0740972162179085,0
BGW-97,1,1107.7896894031435,26.46496083523037,4.22603636209914,162.38798959385667,7707.756045296846,8.691443112568791,649.5310234358649,0.6933361404938585,3,3.889295211097198,3.5,133,0,1374.3303796133391,5.821971860291712,6.22753710133912,26,1.3272178711984948,0
BGW-97,2,1107.7896894031435,26.46496083523037,4.22603636209914,162.38798959385667,14953.43537048819,3.8882358454328885,483.00960583186304,0.7994453816732378,8,3.6478658125716907,2.5,172,1,2121.011301672435,7.186817493287616,4.037221572453016,16,1.101091346797299,0
BGW-97,3,1107.7896894031435,26.46496083523037,4.22603636209914,162.38798959385667,5139.090670091407,8.288222396170763,604.6037480786844,0.7520541113688256,11,2.6490050623952115,4.0,269,2,1780.6680686126756,2.816571946272472,8.14293471634944,159,2.2512168996267015,1
BGW-97,4,1107.7896894031435,26.46496083523037,4.22603636209914,162.38798959385667,9113.438853540749,3.0673985261419885,505.14752684701614,0.7348808479891984,11,2.072360075499901,3.0,162,3,1539.6450756213194,6.302691191941901,4.063007218340462,0,0.8490757718855951,0
BGW-97,5,1107.7896894031435,26.46496083523037,4.22603636209914,162.38798959385667,5187.936886854079,7.1403658606020315,448.82520672361954,0.6335429269436001,11,4.531947352142633,4.0,273,4,1526.2889785142856,3.322924004699733,17.46911769680158,207,3.9232698274347824,1
BGW-97,6,1107.7896894031435,26.46496083523037,4.22603636209914,162.38798959385667,10660.702500610641,8.10464679972553,333.0769883663769,0.7218157821556744,4,7.7801828521554155,4.0,197,5,1459.842135203357,7.779237547633832,22.910582592309,140,4.483244627729196,1
BGW-98,1,992.0292287973245,20.24633790980883,4.102164193162203,168.13590080060453,14557.993203556727,5.647338923616472,536.2930422151503,0.688499119443077,6,3.0385914619181866,4.0,267,0,3204.117594888216,4.436801985309269,4.588448128736914,55,1.329199114079641,1
BGW-98,2,992.0292287973245,20.24633790980883,4.102164193162203,168.13590080060453,6879.822950276052,7.626521418200674,411.7599406862503,0.7040372309266565,5,6.650121097048908,3.5,228,1,2105.14085454894,3.25958526843574,10.630418297038362,117,2.54501892070261,1
BGW-98,3,992.0292287973245,20.24633790980883,4.102164193162203,168.13590080060453,14347.63340203237,9.65802635387012,618.9239568592232,0.7911685254587076,12,6.228361821803365,2.5,179,2,2008.6064166047374,6.765820613810225,5.374313380733867,0,0.9030212566059757,0
BGW-98,4,992.0292287973245,20.24633790980883,4.102164193162203,168.13590080060453,13462.412625698948,6.812037689497888,570.4292024255741,0.6104873938684496,8,3.579809327387885,3.5,138,3,1593.8997439746759,8.654875686993607,4.786592111316686,0,0.5996630316929616,0
BGW-99,1,975.2960531910387,13.827542676562393,7.413702979892032,140.62950009488088,7539.595813500524,5.518873736169402,624.851702506583,0.5786665170559737,5,5.928198163368201,3.0,179,0,3400.9442952347545,2.0374787039403297,4.348166857322965,90,2.183098586036638,0
BGW-99,2,975.2960531910387,13.827542676562393,7.413702979892032,140.62950009488088,5869.292839034872,7.705969545517952,260.9403589760153,0.5655107309427272,4,6.518177594638306,2.5,267,1,3929.3071068156964,1.58347919789638,6.242942892575927,173,2.7775387621840397,1
BGW-99,3,975.2960531910387,13.827542676562393,7.413702979892032,140.62950009488088,5465.330276816058,8.454348892456084,424.98129445457573,0.7389292491082935,11,7.928813037162442,3.5,266,2,3676.607261498603,1.4826641090417323,12.082174474875442,207,4.707913480205823,1
BGW-99,4,975.2960531910387,13.827542676562393,7.413702979892032,140.62950009488088,13561.945023432876,5.315713359312976,569.6938195340957,0.5964107437103847,10,2.3430539255643255,4.0,258,3,5113.496117499307,2.922853351843987,2.9730313058294593,81,1.3872445507623352,0
BGW-99,5,975.2960531910387,13.827542676562393,7.413702979892032,140.62950009488088,14049.105634566611,11.709026360962707,362.30760460788525,0.5916235176254203,11,7.994837449754604,3.5,124,4,2821.0150953830034,5.136608073460906,5.38233079897217,41,1.7273046199117223,0
BGW-99,6,975.2960531910387,13.827542676562393,7.413702979892032,140.62950009488088,4029.6592371496276,9.018770584952508,611.4932710346733,0.5760929104863894,7,7.70627080115575,4.0,244,5,2264.06444599455,1.6117034389491605,18.5778995659558,192,5.238725804824925,1
BGW-99,7,975.2960531910387,13.827542676562393,7.413702979892032,140.62950009488088,14116.133066778813,4.746565124939183,491.83710625157266,0.7629231130683988,4,2.095226956799406,3.0,220,6,3574.514411132153,3.9689580989638173,2.4749978260968972,0,0.7844540918104588,0
BGW-100,1,1134.7330184982338,14.099246182196806,7.427058466051468,144.02617747206574,12028.193248275562,9.236881762136987,253.4885476310704,0.5542317142876643,9,3.9361948372473425,2.5,133,0,3475.4816109481503,3.1909757492815345,2.3307134840469024,0,0.5481168854194477,0
BGW-100,2,1134.7330184982338,14.099246182196806,7.427058466051468,144.02617747206574,9918.135168312876,8.56636979940404,390.4073167717418,0.5989846376786577,7,7.502024492441761,2.5,137,1,3445.8227432563813,2.8460091131427117,3.7605511560259623,14,1.1430118556189275,0
BGW-100,3,1134.7330184982338,14.099246182196806,7.427058466051468,144.02617747206574,9003.417124104317,8.120932241601077,521.0029261357049,0.7874071452059,11,3.2524716743469737,3.0,169,2,4245.273331452255,2.363187672656064,2.6857269129310835,0,0.797442459250411,0
BGW-100,4,1134.7330184982338,14.099246182196806,7.427058466051468,144.02617747206574,13007.964240834144,4.365889493163863,477.442438527744,0.7225320475193029,3,3.3078517299980184,2.5,146,3,3967.8558330837673,3.620012565611663,2.350839405399375,0,0.5579636087211793,0
BGW-101,1,1035.2016240870662,15.52910312686449,7.63247520039679,136.01739612856755,12948.18803782905,7.009020041279535,606.0775384284527,0.6500920663687528,3,2.5064395209117336,2.5,210,0,4348.033631249227,2.6135566880664203,1.9946698514859444,0,0.47695693773885883,0
BGW-101,2,1035.2016240870662,15.52910312686449,7.63247520039679,136.01739612856755,9972.335850089967,11.195262258052802,399.6695037589543,0.6620826671156272,6,3.516554137522777,4.0,168,1,3950.7169342295333,2.4911009707818685,3.066674496951681,0,0.8287114812942732,0
BGW-101,3,1035.2016240870662,15.52910312686449,7.63247520039679,136.01739612856755,8683.206350847397,9.933546036847233,409.6581693923847,0.7621599895540058,5,7.676414693884368,3.5,208,2,3817.4073898158185,2.0932304985212595,6.5012429573023125,91,2.1934974867002506,1
BGW-101,4,1035.2016240870662,15.52910312686449,7.63247520039679,136.01739612856755,8551.271990569112,4.996477819832677,399.9341882299176,0.7671930215521191,4,2.022190864748546,4.0,185,3,3705.169665629041,2.355527158257614,2.5784788313575557,0,0.6211878314209294,0
BGW-101,5,1035.2016240870662,15.52910312686449,7.63247520039679,136.01739612856755,9802.787793474985,10.173233520832623,504.71066361952114,0.6272969340275594,4,7.712902911679984,4.0,225,4,3670.7399797271755,2.605477660187345,9.064797080641112,116,2.715420712077894,0
BGW-101,6,1035.2016240870662,15.52910312686449,7.63247520039679,136.01739612856755,11194.208161588656,5.061535388459437,559.8794647406647,0.5916549920014902,3,3.1558717143728723,2.5,132,5,2531.308525339619,4.2172784849014455,2.5066870720547447,0,0.382668441417339,0
BGW-102,1,1113.7719517879948,26.0851416871132,4.8204378794113305,154.88559507009313,7321.160413291711,7.12427575830027,564.7326829307889,0.8177853044141234,4,6.079962376428501,3.0,168,0,1992.2631682853573,3.427278970269256,6.248344256089252,8,1.0621298048601266,1
BGW-102,2,1113.7719517879948,26.0851416871132,4.8204378794113305,154.88559507009313,11550.087390156083,7.780907684026964,389.61304998927096,0.6709184451500252,4,7.898992586181514,3.5,171,1,2162.208328393733,5.196857665218575,8.90270970788411,42,1.43597778082281,1
BGW-102,3,1113.7719517879948,26.0851416871132,4.8204378794113305,154.88559507009313,11376.986908212493,8.899516007285182,340.3854784118586,0.6218330760786052,13,4.17353554331646,3.0,280,2,3472.167827594792,3.7206446944308738,5.46201947542674,52,1.3027333325012818,1
BGW-102,4,1113.7719517879948,26.0851416871132,4.8204378794113305,154.88559507009313,4301.625792082517,6.633742589712782,597.3346676957788,0.7018622435031396,13,7.530397364164255,4.0,139,3,1357.7570740220522,3.270627369215649,13.65441744333058,58,1.820054770206245,1
BGW-103,1,1078.9814328090931,14.115284631666933,6.571480421109111,144.6367274688213,8914.388061569307,9.270521537513792,520.2650088042209,0.6628882712736927,4,7.144522997547468,2.5,219,0,3884.031433848756,2.2896075490964534,4.958812914016144,102,2.259029809668539,1
BGW-103,2,1078.9814328090931,14.115284631666933,6.571480421109111,144.6367274688213,10419.938874118587,3.6551898761211365,307.86690584742064,0.718909422305319,15,2.082247953492084,3.0,127,1,2761.72491749172,3.6966789390003556,2.100703484514164,0,0.4917724059565569,1
BGW-103,3,1078.9814328090931,14.115284631666933,6.571480421109111,144.6367274688213,8484.818265948823,4.493496879410026,393.9192918409711,0.5714089240450927,10,2.5412785930456403,2.5,182,2,2912.1418301564827,2.7811052579575533,2.514872402909155,0,0.7501803530725069,0
BGW-103,4,1078.9814328090931,14.115284631666933,6.571480421109111,144.6367274688213,5923.6463351801995,8.333332446047612,389.6170966432736,0.7734098743178764,7,6.296558174179942,2.5,124,3,1816.7596799199623,3.0235879731024844,4.584489833860435,12,1.133148934796687,0
BGW-103,5,1078.9814328090931,14.115284631666933,6.571480421109111,144.6367274688213,5020.371685027597,8.380960546073636,320.54189931876135,0.6995419430919771,14,7.91455484658268,3.5,136,4,1888.8592400794319,2.7683005563482257,9.502676975018492,76,2.5447363137138588,1
BGW-103,6,1078.9814328090931,14.115284631666933,6.571480421109111,144.6367274688213,14143.95570700602,9.645622355209964,433.7222115128837,0.7395945225830436,3,3.7342173468400173,4.0,248,5,3374.3181444271445,4.152266858911164,5.2075153229518705,94,1.8720344088271763,1
BGW-103,7,1078.9814328090931,14.115284631666933,6.571480421109111,144.6367274688213,7718.162585964127,9.239501386028383,334.71033168394695,0.5971761543624475,3,7.288229895049507,2.5,143,6,1696.2111677658384,4.539342312991057,6.613347847458787,34,1.4403536811208695,1
BGW-104,1,1090.9854783980072,22.75617045128794,3.1887631354124015,160.99752893330165,10774.554806900182,11.507042904621873,272.51891093855465,0.7021179716167962,4,7.203856378484063,3.5,196,0,1764.0985662897228,6.458292338045116,12.296765438332043,53,1.608996377265289,0
BGW-104,2,1090.9854783980072,22.75617045128794,3.1887631354124015,160.99752893330165,13332.01188677501,11.821497569607226,575.9867368594307,0.5569695686087461,14,4.7890569818639435,4.0,243,1,2063.950861974713,6.599189210352228,10.043943188032152,69,1.6231487760437728,0
BGW-104,3,1090.9854783980072,22.75617045128794,3.1887631354124015,160.99752893330165,11885.6845926803,7.242075477693873,521.4514023523279,0.6614881627028488,7,2.0642688478644633,3.5,287,2,1904.8916386834655,5.617099755119528,5.1857980784214535,0,0.7986505868534869,1
BGW-104,4,1090.9854783980072,22.75617045128794,3.1887631354124015,160.99752893330165,10773.015243679307,4.857287867960917,486.8465170950153,0.5559640753417521,12,4.98557722181812,4.0,225,3,1498.904250195094,6.747763664114835,12.793864872838205,94,1.8762257518250902,1
BGW-105,1,1007.0637177269416,16.007660304074673,3.813240588824224,128.1445354153616,12201.217625810901,8.428047710862701,379.1365804512785,0.7465924063965602,7,5.892853553990557,4.0,145,0,1916.3761992801647,6.333422159822175,7.8176466356242456,89,3.3257689528204137,0
BGW-105,2,1007.0637177269416,16.007660304074673,3.813240588824224,128.1445354153616,7726.097120349614,5.594809783956341,491.17661915599814,0.7355799465981692,3,6.580920250410036,2.5,133,1,1283.6214915804655,5.651946779728774,7.020181180924559,71,2.472906918838387,0
BGW-105,3,1007.0637177269416,16.007660304074673,3.813240588824224,128.1445354153616,11592.625288988209,3.3095228335419726,625.943613558652,0.6407157896571827,13,5.727851598981752,2.5,155,2,1901.9540521368954,6.73980852501714,6.096469870254461,98,2.552620237298248,1
BGW-105,4,1007.0637177269416,16.007660304074673,3.813240588824224,128.1445354153616,7188.5793790848,8.818117197218845,304.8606638108753,0.7568938162986354,4,5.015835397330252,3.5,288,3,1735.0757641367074,4.034696155852574,14.923071435624998,224,4.978837112383259,1
BGW-105,5,1007.0637177269416,16.007660304074673,3.813240588824224,128.1445354153616,9342.648913960238,9.00466403212312,557.8997489129895,0.6711708608596806,4,3.5500145577561257,4.0,289,4,1800.4622848441054,5.183201794847178,11.328189520008632,207,3.9234161958787213,1
BGW-105,6,1007.0637177269416,16.007660304074673,3.813240588824224,128.1445354153616,12203.831094287125,10.701741975849048,540.2720872323547,0.6087281655818344,11,3.5331100599866248,2.5,290,5,1814.1201584178702,6.493249001147067,6.8035428358125065,169,2.3950093287588317,1
BGW-105,7,1007.0637177269416,16.007660304074673,3.813240588824224,128.1445354153616,6910.033584352961,4.778007923210449,519.4554827054887,0.7088865800437052,9,5.3950537103299006,3.0,248,6,1460.3527171748526,4.954957243763988,14.592904867701536,195,4.346432777402602,1
BGW-106,1,960.4769308196644,18.555594128991558,6.710824863159246,136.6021093800847,9041.80615213079,6.292124404544973,308.4507705822257,0.722692002840168,11,2.435189075375236,3.0,243,0,4863.484844175962,2.0148171954790453,2.4106280281180963,52,1.3017399932774054,0
BGW-106,2,960.4769308196644,18.555594128991558,6.710824863159246,136.6021093800847,7494.366655349169,4.453789081526854,451.9969786703026,0.7517609599370052,3,4.768899925722287,3.5,299,1,4028.8189574076273,1.7590926540404228,5.776102808358229,212,3.6942851773098844,1
BGW-106,3,960.4769308196644,18.555594128991558,6.710824863159246,136.6021093800847,12294.529315281805,10.70369402217328,484.82675981058634,0.5681595037212337,7,3.8165251768055555,3.0,192,2,3767.9004553263258,3.4695674612564824,3.0384757036412413,35,1.3236245536294708,0
BGW-107,1,1143.5965092792828,14.888754376640241,6.617964107871389,135.35442336308157,6193.757285634425,9.904281348570725,549.8417852938642,0.60940177513194,4,4.622363983043772,3.0,239,0,3776.1295216081003,1.7932067489582435,5.560553796031115,106,1.6857632115338352,0
BGW-107,2,1143.5965092792828,14.888754376640241,6.617964107871389,135.35442336308157,5299.141803563494,3.815794051590591,338.75534524133894,0.746563764111146,3,3.0123662243552634,2.5,266,1,3176.2096154118817,1.606768508393559,3.8825627318035902,0,0.9763374878931096,1
BGW-107,3,1143.5965092792828,14.888754376640241,6.617964107871389,135.35442336308157,5169.2808032002495,10.99070403202057,351.8226506538591,0.6334517681707026,3,6.12609488337528,4.0,241,2,2896.951405414428,1.9074456565331768,13.612741135364054,158,3.067562223687722,0
BGW-108,1,954.26642682621,23.451474763133405,4.72498306016351,173.67040129411924,6640.030119651531,3.5077966298685666,537.4912696857749,0.7214694960646084,13,2.519540583417906,4.0,179,0,2070.1040469407394,3.2116776453956684,4.2547572751572025,89,1.9658002316127337,1
BGW-108,2,954.26642682621,23.451474763133405,4.72498306016351,173.67040129411924,12816.889152322678,5.40757292120589,307.1684902538677,0.7421755058203288,12,3.019701979487305,3.0,198,1,2335.1429489869297,5.133695218552178,3.5851658257918384,68,1.5934953796275997,1
BGW-108,3,954.26642682621,23.451474763133405,4.72498306016351,173.67040129411924,11003.928779021935,7.064850329872102,321.89786623316974,0.5613489409316402,7,5.004174115767696,3.5,206,2,2211.9331411939947,5.138237034722994,7.419611720547647,130,3.3321965362301325,1
BGW-108,4,954.26642682621,23.451474763133405,4.72498306016351,173.67040129411924,10478.543173985243,10.027489071237689,473.6752231618754,0.747937529313933,5,6.282793187960526,4.0,198,3,2019.3424078365042,5.393499824955958,11.049453939292173,132,4.292245824854639,1
BGW-108,5,954.26642682621,23.451474763133405,4.72498306016351,173.67040129411924,5839.3557721885445,6.815824324525506,321.90553687237383,0.6995121614258407,7,4.654043710283041,2.5,204,4,1688.143602600334,3.7117548637623066,6.758657838897822,113,2.5049440718032834,0
BGW-108,6,954.26642682621,23.451474763133405,4.72498306016351,173.67040129411924,12220.03673481095,11.271424738548715,606.0470515018812,0.6102914318954157,6,4.566249672773363,3.5,238,5,1956.2870122366726,6.26970490519309,8.40609561647228,140,3.254645308012202,1
BGW-109,1,1126.6261114732017,20.720064560399038,3.260302437989863,139.94691090265812,10397.575832580438,9.944873255402271,407.5065581522931,0.6975119898713036,7,6.4585574789891735,2.5,251,0,2082.8897234958313,5.004596119206454,9.844923733802702,105,1.9673279723126706,1
BGW-109,2,1126.6261114732017,20.720064560399038,3.260302437989863,139.94691090265812,8512.100772196169,11.63700257517796,536.2444820352166,0.6590343216483631,8,2.5794160603097236,3.5,289,1,2009.8522887515019,4.302236698288589,7.064509759710535,70,1.3092264762847277,1
BGW-109,3,1126.6261114732017,20.720064560399038,3.260302437989863,139.94691090265812,12495.569212636705,7.058530182923607,425.3167501683438,0.7631078704860603,7,7.5778893433972305,2.5,276,2,2320.0062322172903,6.0121550264171555,13.118030990627288,146,2.428884392332887,1
BGW-109,4,1126.6261114732017,20.720064560399038,3.260302437989863,139.94691090265812,4142.224357322279,5.589411763768327,629.3445947489046,0.6956347332343613,4,2.814993549804492,2.5,245,3,1330.3367515171042,3.3322849082621,7.640885493271839,12,1.0375673306930637,1
BGW-109,5,1126.6261114732017,20.720064560399038,3.260302437989863,139.94691090265812,7017.287386000185,8.18229412178488,294.8043044232515,0.7087924894727765,14,2.5460676935343085,4.0,174,4,1164.1657672189845,6.466494175224619,8.009158223365839,0,0.9707484894846302,0
BGW-109,6,1126.6261114732017,20.720064560399038,3.260302437989863,139.94691090265812,5938.061234126826,8.08792400532868,597.2673830074814,0.6782426910175291,8,7.368748147251944,4.0,241,5,1169.6814842559756,4.881877583359339,34.32762996498073,166,3.9876656318092496,1
BGW-110,1,1048.023157585745,16.72545388316102,6.661554279670467,129.76642169201244,14686.389888445432,5.872314368221196,401.21736167058043,0.7624277404102499,14,4.191922128949747,2.5,200,0,4654.044094804733,2.9875195448839533,2.7020005969061174,63,1.5488809982276233,0
BGW-110,2,1048.023157585745,16.72545388316102,6.661554279670467,129.76642169201244,10534.296393917375,10.109806717529963,495.97198638904615,0.8040439207669203,5,7.612579921361477,3.0,291,1,5066.825557003825,2.1654293145317864,7.642715208216914,209,5.01215915916801,1
BGW-110,3,1048.023157585745,16.72545388316102,6.661554279670467,129.76642169201244,6028.404313477677,7.268785358941056,405.91431936390626,0.7804503307186051,7,7.309848128600666,4.0,293,2,3784.888485229437,1.5772480527368917,14.34989011618542,247,7.2260106919009,1
BGW-110,4,1048.023157585745,16.72545388316102,6.661554279670467,129.76642169201244,9719.441945685245,11.587146517598814,529.0742571865874,0.7026192699012395,5,2.7670501197390083,4.0,213,3,2978.345380414757,2.9165711849681295,3.8179814424058245,77,1.8241421406913072,1
BGW-110,5,1048.023157585745,16.72545388316102,6.661554279670467,129.76642169201244,7955.670337520076,9.271696164746269,302.4007208619608,0.7179848424342563,5,6.539378145453353,4.0,296,4,3182.281594722228,2.298358910693724,13.173537000937355,233,6.252883191232852,1
BGW-110,6,1048.023157585745,16.72545388316102,6.661554279670467,129.76642169201244,7668.599553947452,8.048722353913359,569.7485054166461,0.5783389514675421,7,7.6399893459538895,4.0,122,5,1738.322837404198,4.144721112767003,9.06597813222828,74,2.893732523061273,1
BGW-110,7,1048.023157585745,16.72545388316102,6.661554279670467,129.76642169201244,9853.70244259542,4.433041238195091,408.1946628218616,0.6321232496472943,12,6.362984008939478,2.5,122,6,2013.387597688739,4.975308293817228,4.816871035016722,46,1.627612894797386,0
BGW-111,1,1044.1226759957772,17.78224149901845,7.490777328300201,144.5501096671192,10675.95582275339,10.66716975904107,274.3994513557215,0.6242604833347997,15,4.7045594232864385,3.0,152,0,3304.2304019043627,3.140655589089905,3.411877658598924,77,2.4216367361981166,0
BGW-111,2,1044.1226759957772,17.78224149901845,7.490777328300201,144.5501096671192,7989.709441485342,11.528015094432606,331.42685204953113,0.5718626703967111,4,3.8962565551825254,4.0,162,1,2894.71827695732,2.7809936049049253,4.476202472759848,90,2.9679033510447272,1
BGW-111,3,1044.1226759957772,17.78224149901845,7.490777328300201,144.5501096671192,14069.551364785559,11.192115922453686,423.5615197315509,0.7520015760727763,7,3.496471980532098,3.0,249,2,4261.09293257342,3.0836771017371434,3.3272141679843394,137,2.5586089266010448,0
BGW-111,4,1044.1226759957772,17.78224149901845,7.490777328300201,144.5501096671192,9700.934602413043,9.597121118186557,552.6063808426744,0.7776783666720449,12,7.924926675280208,2.5,189,3,3005.7182961221374,2.9930516654617785,6.028173523180005,131,4.175001197056941,0
BGW-111,5,1044.1226759957772,17.78224149901845,7.490777328300201,144.5501096671192,6222.336768289655,4.5405071222791955,274.1174841800427,0.6986805133587155,9,3.3528984287108425,4.0,210,4,2824.594982342751,2.2853268185196267,5.652677287088885,153,3.481208288527704,1
BGW-112,1,1068.942660447427,19.584940200416792,4.5338711763924895,128.618550747455,12159.542808126094,10.68926761280107,387.80292423849215,0.7998107208363968,12,7.202359697160955,3.0,144,0,2179.8877954982404,5.424257774287305,6.191791024565131,15,1.160379871542809,0
BGW-112,2,1068.942660447427,19.584940200416792,4.5338711763924895,128.618550747455,7742.301095887715,7.1935647884453395,575.7429266673357,0.6108827221581759,9,3.1994754911798564,2.5,219,1,2302.643723053219,3.2930499405171507,4.147365681152826,0,0.8745816995802389,0
BGW-112,3,1068.942660447427,19.584940200416792,4.5338711763924895,128.618550747455,6867.597793440597,7.592618362938211,627.3243275208652,0.7285000703654999,3,6.957499932165471,3.5,288,2,2521.569776984164,2.9252676436618827,16.761660813142353,189,3.3018719403082977,1
BGW-112,4,1068.942660447427,19.584940200416792,4.5338711763924895,128.618550747455,6015.325711857426,6.964107797145841,384.5284156597046,0.6220232126148604,15,2.4632230468877725,3.5,244,3,2126.2826907182175,3.0321051751305914,5.636605550808367,32,1.113816509380788,0
BGW-112,5,1068.942660447427,19.584940200416792,4.5338711763924895,128.618550747455,14746.032040831466,3.585298442859748,417.67390148900176,0.7368871309919545,13,3.710983150603573,3.0,124,4,1619.9723296431698,8.422541157812523,4.101086988716704,0,0.6060506378371735,0
BGW-112,6,1068.942660447427,19.584940200416792,4.5338711763924895,128.618550747455,8100.94381348774,7.010781420953628,278.786157358233,0.7767992724970385,3,6.4755658088306305,3.0,228,5,1665.4761372205755,4.686466098488908,12.380054050452701,107,2.1175511788312877,0
BGW-113,1,985.031878118446,21.900127674394803,6.77196009611263,134.97856107261333,12223.556035823342,4.398911466277001,515.3370032135002,0.7747990893125505,9,3.3544780788172663,3.0,146,0,3982.3559399826013,3.6016324046584094,2.486978149789117,0,0.7156937528625266,0
BGW-113,2,985.031878118446,21.900127674394803,6.77196009611263,134.97856107261333,9474.824033458539,4.85219833242574,518.7066438911961,0.6519220152179791,3,7.016484028240384,3.0,179,1,2737.0277076217576,3.2462311109115713,6.124780773114677,82,1.9705831516979866,1
BGW-113,3,985.031878118446,21.900127674394803,6.77196009611263,134.97856107261333,13004.77219390593,4.953603695030612,384.0844970758084,0.7908343689634388,3,6.803869019533429,2.5,157,2,3086.7427982011036,4.442959472941292,4.238568866230698,26,1.2307695114894457,1
BGW-113,4,985.031878118446,21.900127674394803,6.77196009611263,134.97856107261333,8756.16005055928,11.325661025756085,292.62650842454235,0.7615412555077891,9,4.1267519473568814,4.0,194,3,2693.470126516794,3.2313466181603987,5.439278689504232,65,1.6424155316158946,0
BGW-114,1,1031.156901657307,22.890023578533388,4.798984616650017,175.5625466439922,13029.84271471927,9.927427070147687,251.24972713379105,0.6595853827355882,7,4.655184809396666,3.5,241,0,2942.625308111274,4.528674032656271,7.032642920445093,106,1.911068385607317,1
BGW-114,2,1031.156901657307,22.890023578533388,4.798984616650017,175.5625466439922,12793.877837883369,3.6304326922507406,649.148555123918,0.7520973411161967,13,6.834683696872804,2.5,285,1,3422.8785657068447,4.064252560053553,8.67700720184947,174,2.265672147018481,0
BGW-114,3,1031.156901657307,22.890023578533388,4.798984616650017,175.5625466439922,5170.705425738991,9.240192498072883,607.7732074911805,0.5760634137735813,11,3.5295016803640813,2.5,257,2,1957.8312011433345,2.600888989132623,6.178083504684676,78,1.2538411236825293,0
BGW-115,1,960.259744606195,13.482614400635292,6.546989005765834,166.56636539365078,9177.767314597919,3.046947138612487,347.45870135540576,0.7191873503696034,12,2.2098769319850815,2.5,285,0,4272.931008123125,2.0697288134456513,2.403920623643825,89,1.2806633683343303,0
BGW-115,2,960.259744606195,13.482614400635292,6.546989005765834,166.56636539365078,14860.906375228778,11.409218126835485,431.32881561684275,0.8040616553382957,7,6.543146018111356,2.5,263,1,4871.729850225805,3.10816086390462,4.406937552047133,155,3.1326311548424375,1
BGW-115,3,960.259744606195,13.482614400635292,6.546989005765834,166.56636539365078,11864.155864443837,6.313797854259365,283.32196776267944,0.7074731193681547,8,2.488039682313544,3.0,272,2,4212.637248071304,2.8684429731519545,2.8498463009891144,106,1.5918470364988602,1
BGW-115,4,960.259744606195,13.482614400635292,6.546989005765834,166.56636539365078,12627.087246176858,8.226332945669618,602.1639700829594,0.6740851762367983,13,4.956748711563801,3.0,208,3,3267.2450025993116,3.7228476275269173,4.321123204527377,110,2.46902945888906,1
BGW-115,5,960.259744606195,13.482614400635292,6.546989005765834,166.56636539365078,12931.123049755608,7.778679348169049,369.63578228051347,0.5503138663733312,10,2.602678244822906,2.5,254,4,3508.292080591603,3.7805438902135666,2.847029575471003,65,1.3186351220657577,1
BGW-115,6,960.259744606195,13.482614400635292,6.546989005765834,166.56636539365078,11732.700259936726,3.5476953683224983,256.67386247181076,0.7556325944126067,15,3.643840316218655,2.5,259,5,3371.6532295447378,3.5952497103320256,3.810891914530109,135,1.9268002178599308,1
BGW-116,1,1049.9114655378623,18.761732725375154,4.789947652873103,120.44690875244832,11310.317511019774,10.057546536400045,587.7723069815676,0.5589809629539164,6,2.790548327265155,3.5,168,0,2244.7707504191167,4.497043865621544,3.305372981841325,0,0.5116205876425916,0
BGW-116,2,1049.9114655378623,18.761732725375154,4.789947652873103,120.44690875244832,12274.865630432194,5.45015329087056,469.7814399158944,0.7462077333642094,5,6.1568603196790335,2.5,206,1,2921.4496573923343,4.147852677919593,4.937186767343417,14,1.0819874621835064,0
BGW-116,3,1049.9114655378623,18.761732725375154,4.789947652873103,120.44690875244832,12865.023250657912,8.898660069866109,263.06151201703324,0.7967051087853879,7,3.6776606258806357,3.5,257,2,3433.770858399324,4.038868599995725,4.870231439977644,22,1.111674685421654,1
BGW-116,4,1049.9114655378623,18.761732725375154,4.789947652873103,120.44690875244832,6561.1524667740705,9.300179421025089,435.0443497728473,0.6831665803161867,15,5.121236264178323,4.0,242,3,2369.7208797643216,2.8802069114818214,10.159490725451315,110,2.0598361651569084,1
BGW-116,5,1049.9114655378623,18.761732725375154,4.789947652873103,120.44690875244832,14331.19667617327,8.071132256489008,595.7582947638377,0.5864622707323239,8,3.7101156369749253,4.0,168,4,1919.4321174055501,6.771602298398074,5.120316786180805,0,0.7493394921479767,0
BGW-117,1,1148.0347139046034,27.393969707457533,4.668748578609087,127.4615011367678,9263.164794328313,10.813028244992672,327.90608156552537,0.6245922826552145,11,4.480500065777933,4.0,147,0,1832.4452094192025,4.857103932720156,6.6689427889618,32,1.3860279974471186,1
BGW-117,2,1148.0347139046034,27.393969707457533,4.668748578609087,127.4615011367678,8361.17240449688,7.1647444187999705,564.6712487240427,0.5721698272156123,13,6.731840670763347,2.5,177,1,1948.4434292129736,4.212714876645548,7.65205438119875,69,1.7641266195464933,1
BGW-117,3,1148.0347139046034,27.393969707457533,4.668748578609087,127.4615011367678,8244.32444085884,6.114439324090205,488.53075910151847,0.6038406248973072,3,3.999096833675911,3.0,236,2,1971.3212938470401,3.9872394918601395,7.241723262862994,88,1.611323029777336,0
BGW-118,1,1099.4698822462267,14.979786198326398,5.56792264129683,150.3747896063826,11590.958676106686,9.575648514544334,258.68507849925794,0.7135603940478278,11,3.091571125323333,4.0,222,0,3636.4906608237384,2.9628905949352538,3.6439101448867297,17,1.1070789544133723,1
BGW-118,2,1099.4698822462267,14.979786198326398,5.56792264129683,150.3747896063826,14044.061890931489,8.964555708799205,491.577661973268,0.6223734246474025,5,7.262811009667519,2.5,230,1,3537.372980631567,3.563820929713878,5.089825416848132,66,1.57404542361363,0
BGW-118,3,1099.4698822462267,14.979786198326398,5.56792264129683,150.3747896063826,11601.1932664444,7.847391253904583,256.38070345442185,0.6105452687871765,4,3.072935574540003,2.5,288,2,3868.131550796948,3.1027008733208454,3.4195100301964767,0,0.938416789386396,0
BGW-119,1,963.1668862782888,20.307705686350282,7.432941383624828,173.02036996917548,12347.66856887432,3.0023236002810356,409.1954477030454,0.6671868562817244,6,5.831358626970714,3.5,137,0,3735.3610249115804,3.5433467272357264,3.5567829921103264,16,1.1258833406423472,0
BGW-119,2,963.1668862782888,20.307705686350282,7.432941383624828,173.02036996917548,5423.4899894146665,10.529996684083818,434.99904536598115,0.661861607411078,5,7.838318814053651,4.0,282,1,3473.80339664411,1.4079521717123717,11.827950178456897,189,3.951284516807133,1
BGW-119,3,963.1668862782888,20.307705686350282,7.432941383624828,173.02036996917548,9459.959766303778,8.260262120230806,414.4583121417963,0.7198418206580903,7,4.189768357039816,3.0,288,2,3956.5556978638556,2.1490531149729466,3.834796807044296,83,1.4355351221139871,0
BGW-119,4,963.1668862782888,20.307705686350282,7.432941383624828,173.02036996917548,10218.74810652058,5.553825025282972,258.7872376546178,0.8055483065960685,12,5.8045225970136025,2.5,227,3,3781.1213810155596,2.761703894579387,3.9914075348597375,51,1.326501529074693,1
BGW-119,5,963.1668862782888,20.307705686350282,7.432941383624828,173.02036996917548,6648.044192967103,10.393343075423303,572.9008117126281,0.6790808307702693,11,7.536136844227909,4.0,138,4,1890.170786082488,3.2688491175876253,7.853594151375685,40,1.5877689651790496,1
BGW-119,6,963.1668862782888,20.307705686350282,7.432941383624828,173.02036996917548,13731.149247739522,5.1936481641027425,492.1981027942379,0.730571518506878,3,3.045734772426437,4.0,298,5,4061.0831478383525,3.532792304904307,4.262755050070634,72,1.328593452544655,0
BGW-119,7,963.1668862782888,20.307705686350282,7.432941383624828,173.02036996917548,9074.692596592497,11.051797857562816,417.97104971074043,0.7262694924536114,4,2.2607823948147003,4.0,126,6,1703.7253747022348,5.312672514852219,3.079834239405914,0,0.34709223114137117,1
BGW-120,1,1132.3699527751703,12.755409217689882,3.870093124332248,176.27931528495367,6250.47190570179,6.00658243844434,265.4836292103057,0.596434731465421,9,7.134393707305739,3.0,166,0,1758.5153591447818,3.572000289881082,11.170828347710763,107,3.091301189450078,1
BGW-120,2,1132.3699527751703,12.755409217689882,3.870093124332248,176.27931528495367,9418.24421630711,3.8549588284738925,388.1917526544055,0.70011572840734,13,7.8567607169504665,3.5,242,1,2487.3747089903904,3.8518128246707057,18.020923378052434,203,4.948535408653578,0
BGW-120,3,1132.3699527751703,12.755409217689882,3.870093124332248,176.27931528495367,5270.435284222738,7.101646089522924,498.8368050914264,0.6412902333205031,11,4.644641750760346,3.5,178,2,1543.8389269398044,3.471596961306422,10.194153886917356,102,2.5434845672431243,0
BGW-120,4,1132.3699527751703,12.755409217689882,3.870093124332248,176.27931528495367,14854.29811909002,8.095729832017721,474.44398357573414,0.6680509219960983,8,2.54680022458393,2.5,166,3,2062.302614677328,7.22078774414662,3.480391810604699,0,0.6710322337687026,1
BGW-120,5,1132.3699527751703,12.755409217689882,3.870093124332248,176.27931528495367,10136.476549317154,9.510295391972829,474.6907809700516,0.796132409355968,4,3.79107192729435,3.0,265,4,1829.97274275218,4.947012573393505,7.992070006475185,127,2.041526755597505,0
BGW-120,6,1132.3699527751703,12.755409217689882,3.870093124332248,176.27931528495367,4327.521489671889,10.732315688899309,593.5679074545386,0.7426931861664006,12,6.902661835154624,4.0,174,5,1110.9684131096644,3.8137688040286983,24.163797141568068,123,4.29564591626012,1
